-- MySQL dump 10.13  Distrib 8.0.19, for Win64 (x86_64)
--
-- Host: localhost    Database: vk_home
-- ------------------------------------------------------
-- Server version	8.0.19

/*!40101 SET @OLD_CHARACTER_SET_CLIENT=@@CHARACTER_SET_CLIENT */;
/*!40101 SET @OLD_CHARACTER_SET_RESULTS=@@CHARACTER_SET_RESULTS */;
/*!40101 SET @OLD_COLLATION_CONNECTION=@@COLLATION_CONNECTION */;
/*!50503 SET NAMES utf8mb4 */;
/*!40103 SET @OLD_TIME_ZONE=@@TIME_ZONE */;
/*!40103 SET TIME_ZONE='+00:00' */;
/*!40014 SET @OLD_UNIQUE_CHECKS=@@UNIQUE_CHECKS, UNIQUE_CHECKS=0 */;
/*!40014 SET @OLD_FOREIGN_KEY_CHECKS=@@FOREIGN_KEY_CHECKS, FOREIGN_KEY_CHECKS=0 */;
/*!40101 SET @OLD_SQL_MODE=@@SQL_MODE, SQL_MODE='NO_AUTO_VALUE_ON_ZERO' */;
/*!40111 SET @OLD_SQL_NOTES=@@SQL_NOTES, SQL_NOTES=0 */;

--
-- Table structure for table `communities`
--

DROP TABLE IF EXISTS `communities`;
/*!40101 SET @saved_cs_client     = @@character_set_client */;
/*!50503 SET character_set_client = utf8mb4 */;
CREATE TABLE `communities` (
  `id` int unsigned NOT NULL AUTO_INCREMENT,
  `name` varchar(150) CHARACTER SET utf8 COLLATE utf8_unicode_ci NOT NULL,
  PRIMARY KEY (`id`),
  UNIQUE KEY `name` (`name`)
) ENGINE=InnoDB AUTO_INCREMENT=21 DEFAULT CHARSET=utf8 COLLATE=utf8_unicode_ci;
/*!40101 SET character_set_client = @saved_cs_client */;

--
-- Dumping data for table `communities`
--

LOCK TABLES `communities` WRITE;
/*!40000 ALTER TABLE `communities` DISABLE KEYS */;
INSERT INTO `communities` VALUES (7,'ad'),(9,'aperiam'),(15,'atque'),(11,'aut'),(2,'doloremque'),(3,'dolores'),(13,'esse'),(17,'est'),(10,'et'),(19,'nesciunt'),(16,'quam'),(8,'qui'),(14,'reprehenderit'),(20,'rerum'),(4,'saepe'),(1,'sed'),(5,'temporibus'),(12,'velit'),(6,'veniam'),(18,'veritatis');
/*!40000 ALTER TABLE `communities` ENABLE KEYS */;
UNLOCK TABLES;

--
-- Table structure for table `communities_users`
--

DROP TABLE IF EXISTS `communities_users`;
/*!40101 SET @saved_cs_client     = @@character_set_client */;
/*!50503 SET character_set_client = utf8mb4 */;
CREATE TABLE `communities_users` (
  `community_id` int unsigned NOT NULL,
  `user_id` int unsigned NOT NULL,
  PRIMARY KEY (`community_id`,`user_id`)
) ENGINE=InnoDB DEFAULT CHARSET=utf8 COLLATE=utf8_unicode_ci;
/*!40101 SET character_set_client = @saved_cs_client */;

--
-- Dumping data for table `communities_users`
--

LOCK TABLES `communities_users` WRITE;
/*!40000 ALTER TABLE `communities_users` DISABLE KEYS */;
INSERT INTO `communities_users` VALUES (1,1),(1,21),(1,41),(1,61),(1,81),(2,2),(2,22),(2,42),(2,62),(2,82),(3,3),(3,23),(3,43),(3,63),(3,83),(4,4),(4,24),(4,44),(4,64),(4,84),(5,5),(5,25),(5,45),(5,65),(5,85),(6,6),(6,26),(6,46),(6,66),(6,86),(7,7),(7,27),(7,47),(7,67),(7,87),(8,8),(8,28),(8,48),(8,68),(8,88),(9,9),(9,29),(9,49),(9,69),(9,89),(10,10),(10,30),(10,50),(10,70),(10,90),(11,11),(11,31),(11,51),(11,71),(11,91),(12,12),(12,32),(12,52),(12,72),(12,92),(13,13),(13,33),(13,53),(13,73),(13,93),(14,14),(14,34),(14,54),(14,74),(14,94),(15,15),(15,35),(15,55),(15,75),(15,95),(16,16),(16,36),(16,56),(16,76),(16,96),(17,17),(17,37),(17,57),(17,77),(17,97),(18,18),(18,38),(18,58),(18,78),(18,98),(19,19),(19,39),(19,59),(19,79),(19,99),(20,20),(20,40),(20,60),(20,80),(20,100);
/*!40000 ALTER TABLE `communities_users` ENABLE KEYS */;
UNLOCK TABLES;

--
-- Table structure for table `friendship`
--

DROP TABLE IF EXISTS `friendship`;
/*!40101 SET @saved_cs_client     = @@character_set_client */;
/*!50503 SET character_set_client = utf8mb4 */;
CREATE TABLE `friendship` (
  `user_id` int unsigned NOT NULL,
  `friend_id` int unsigned NOT NULL,
  `status_id` int unsigned NOT NULL,
  `requested_at` datetime DEFAULT CURRENT_TIMESTAMP,
  `confirmed_at` datetime DEFAULT NULL,
  PRIMARY KEY (`user_id`,`friend_id`)
) ENGINE=InnoDB DEFAULT CHARSET=utf8 COLLATE=utf8_unicode_ci;
/*!40101 SET character_set_client = @saved_cs_client */;

--
-- Dumping data for table `friendship`
--

LOCK TABLES `friendship` WRITE;
/*!40000 ALTER TABLE `friendship` DISABLE KEYS */;
INSERT INTO `friendship` VALUES (1,75,0,'2015-04-20 06:18:42','2014-05-07 12:48:29'),(2,79,0,'2010-05-10 10:52:16','2010-11-08 09:31:15'),(3,20,1,'2014-06-15 15:51:08','2015-10-13 20:21:29'),(4,14,4,'2012-03-24 10:57:52','2016-05-06 19:07:36'),(5,26,3,'2012-01-22 08:14:03','2014-07-14 19:57:29'),(6,17,0,'2012-05-22 15:47:35','2018-12-06 16:42:17'),(7,59,3,'2011-02-18 03:30:31','2014-01-04 10:28:13'),(8,21,1,'2017-09-19 14:39:13','2015-04-21 05:12:18'),(9,80,4,'2020-02-01 02:50:07','2012-03-10 00:58:23'),(10,90,1,'2016-05-08 13:25:32','2013-12-27 07:16:46'),(11,74,3,'2014-01-03 19:03:51','2019-02-27 09:10:04'),(12,5,7,'2017-11-25 13:28:23','2015-10-12 22:16:09'),(13,32,6,'2018-02-14 23:46:14','2010-08-02 14:47:38'),(14,4,0,'2012-06-18 01:34:35','2016-05-01 17:56:18'),(15,93,4,'2016-04-10 16:27:07','2015-02-07 07:24:13'),(16,99,7,'2012-12-12 12:58:32','2017-12-01 18:25:00'),(17,65,1,'2016-01-19 13:20:17','2017-10-26 11:58:04'),(18,78,8,'2014-02-05 12:16:03','2016-11-05 10:14:13'),(19,81,2,'2013-01-10 23:51:20','2018-08-12 22:54:01'),(20,1,6,'2016-04-02 05:47:20','2016-08-17 13:21:38'),(21,48,8,'2012-02-03 20:51:05','2015-06-20 02:50:22'),(22,19,2,'2013-02-12 00:58:21','2016-12-18 00:56:12'),(23,7,1,'2018-05-11 07:02:32','2019-11-06 19:38:14'),(24,44,4,'2017-09-28 09:56:01','2015-09-27 20:22:53'),(25,11,2,'2018-02-02 00:02:13','2013-02-07 08:09:52'),(26,46,1,'2012-07-16 01:07:28','2010-09-01 05:49:38'),(27,55,4,'2018-09-07 05:29:06','2019-06-17 12:59:57'),(28,85,3,'2013-05-15 12:46:02','2014-07-06 17:52:12'),(29,23,7,'2011-09-22 22:12:57','2013-05-04 20:24:21'),(30,39,9,'2018-12-12 04:40:12','2013-05-05 17:47:56'),(31,43,0,'2019-01-01 04:29:32','2015-01-20 18:45:07'),(32,94,2,'2015-03-11 13:48:46','2019-10-18 06:56:56'),(33,29,9,'2012-01-26 04:17:20','2014-10-15 12:07:45'),(34,61,2,'2010-06-27 20:44:56','2020-02-12 12:40:43'),(35,40,0,'2011-06-22 21:19:07','2016-07-20 18:09:18'),(36,22,4,'2015-09-07 09:36:54','2020-02-19 18:59:11'),(37,25,2,'2017-07-12 20:27:24','2014-04-08 01:36:04'),(38,38,7,'2015-05-24 03:14:15','2019-01-25 13:32:35'),(39,27,2,'2013-04-01 17:47:15','2017-09-21 00:30:17'),(40,42,5,'2011-09-05 20:49:55','2018-11-27 16:08:21'),(41,96,7,'2014-11-08 11:06:55','2020-02-03 15:36:57'),(42,18,7,'2011-04-04 01:54:48','2016-01-21 08:14:12'),(43,100,7,'2018-10-14 08:42:00','2018-09-17 10:04:25'),(44,49,7,'2012-07-14 22:06:48','2013-02-23 17:23:42'),(45,10,7,'2015-07-13 01:12:53','2012-08-29 02:08:06'),(46,34,7,'2014-07-01 11:02:42','2017-10-30 01:27:38'),(47,88,5,'2014-10-05 18:15:27','2013-06-05 09:43:57'),(48,69,4,'2010-03-16 03:59:21','2018-03-22 07:36:15'),(49,31,6,'2014-01-17 04:38:51','2015-06-17 10:01:16'),(50,77,7,'2011-05-20 07:38:52','2013-09-28 16:36:22'),(51,89,4,'2013-06-08 21:27:22','2019-08-18 07:27:02'),(52,84,4,'2019-09-03 00:27:28','2016-05-03 13:51:20'),(53,82,8,'2020-02-27 05:57:06','2017-02-26 04:25:50'),(54,30,5,'2010-12-06 02:18:41','2012-06-18 08:33:39'),(55,63,8,'2019-02-24 03:07:05','2012-07-01 18:28:21'),(56,86,1,'2010-05-21 21:16:26','2016-10-01 11:34:18'),(57,97,9,'2012-07-20 15:07:23','2018-07-08 20:11:35'),(58,73,8,'2017-04-21 16:41:45','2017-08-19 13:40:12'),(59,45,4,'2011-07-08 21:45:33','2013-09-16 09:05:10'),(60,16,3,'2019-11-10 16:27:44','2012-12-11 14:17:56'),(61,50,7,'2012-10-07 09:23:30','2019-12-17 03:21:56'),(62,47,0,'2013-01-28 06:55:25','2020-01-19 13:56:18'),(63,36,6,'2013-05-06 01:49:07','2014-11-14 13:21:44'),(64,52,1,'2014-01-26 19:25:48','2014-06-29 07:50:44'),(65,64,7,'2015-07-07 12:41:56','2010-04-23 01:26:51'),(66,87,4,'2017-11-20 16:40:58','2016-07-27 21:43:13'),(67,2,3,'2012-01-23 18:53:57','2010-07-07 20:25:29'),(68,71,3,'2012-11-18 03:06:46','2018-09-18 04:41:11'),(69,72,6,'2016-09-22 19:18:05','2010-06-22 17:36:14'),(70,57,7,'2013-11-22 11:53:08','2013-12-08 00:09:48'),(71,51,2,'2013-12-10 00:20:47','2019-01-05 18:51:09'),(72,12,0,'2017-07-11 12:59:57','2018-11-26 18:07:44'),(73,67,0,'2015-11-03 11:10:17','2016-07-24 06:05:38'),(74,54,2,'2018-04-05 04:10:53','2017-01-14 20:14:17'),(75,6,9,'2011-08-24 00:57:17','2018-05-28 10:55:11'),(76,56,3,'2016-07-22 09:07:04','2019-05-10 05:23:16'),(77,60,2,'2012-01-23 10:10:56','2018-12-23 21:50:16'),(78,35,5,'2011-01-13 20:00:10','2015-03-04 19:23:52'),(79,68,0,'2013-11-10 09:50:18','2012-07-07 22:50:37'),(80,33,5,'2015-04-17 22:55:37','2018-10-22 11:42:45'),(81,95,3,'2019-01-10 23:14:23','2012-08-05 06:24:56'),(82,28,0,'2013-08-15 09:48:51','2010-11-18 10:40:08'),(83,91,6,'2014-07-07 15:45:36','2010-07-16 03:54:38'),(84,66,8,'2018-03-05 00:25:55','2011-09-21 07:19:53'),(85,8,5,'2011-01-28 08:37:31','2015-04-30 23:51:28'),(86,83,4,'2010-10-31 20:56:58','2012-06-21 23:52:51'),(87,98,3,'2017-01-31 23:08:23','2018-08-16 11:42:32'),(88,41,4,'2010-10-28 12:17:17','2019-11-29 06:45:06'),(89,92,9,'2015-04-09 07:31:18','2010-04-18 18:21:46'),(90,58,8,'2014-08-16 22:04:16','2014-12-01 12:02:42'),(91,13,2,'2017-01-02 07:22:03','2013-06-23 07:49:20'),(92,15,5,'2014-05-10 07:10:25','2018-10-18 20:13:35'),(93,3,0,'2011-02-19 18:28:22','2017-04-01 06:45:05'),(94,9,2,'2010-12-23 21:03:25','2018-03-07 19:52:42'),(95,24,3,'2016-05-01 22:25:15','2011-03-29 00:52:37'),(96,70,3,'2019-01-09 21:29:14','2018-10-11 14:32:07'),(97,53,3,'2018-09-01 21:22:36','2012-06-08 17:29:17'),(98,62,6,'2011-04-13 03:26:35','2010-09-09 18:38:56'),(99,76,7,'2018-09-01 18:19:05','2015-08-03 04:53:14'),(100,37,6,'2018-09-01 05:02:35','2016-06-24 15:17:38');
/*!40000 ALTER TABLE `friendship` ENABLE KEYS */;
UNLOCK TABLES;

--
-- Table structure for table `friendship_statuses`
--

DROP TABLE IF EXISTS `friendship_statuses`;
/*!40101 SET @saved_cs_client     = @@character_set_client */;
/*!50503 SET character_set_client = utf8mb4 */;
CREATE TABLE `friendship_statuses` (
  `id` int unsigned NOT NULL AUTO_INCREMENT,
  `name` varchar(150) CHARACTER SET utf8 COLLATE utf8_unicode_ci NOT NULL,
  PRIMARY KEY (`id`),
  UNIQUE KEY `name` (`name`)
) ENGINE=InnoDB AUTO_INCREMENT=6 DEFAULT CHARSET=utf8 COLLATE=utf8_unicode_ci;
/*!40101 SET character_set_client = @saved_cs_client */;

--
-- Dumping data for table `friendship_statuses`
--

LOCK TABLES `friendship_statuses` WRITE;
/*!40000 ALTER TABLE `friendship_statuses` DISABLE KEYS */;
INSERT INTO `friendship_statuses` VALUES (2,'b'),(1,'c'),(4,'n'),(5,'o'),(3,'v');
/*!40000 ALTER TABLE `friendship_statuses` ENABLE KEYS */;
UNLOCK TABLES;

--
-- Table structure for table `media`
--

DROP TABLE IF EXISTS `media`;
/*!40101 SET @saved_cs_client     = @@character_set_client */;
/*!50503 SET character_set_client = utf8mb4 */;
CREATE TABLE `media` (
  `id` int unsigned NOT NULL AUTO_INCREMENT,
  `media_type_id` int unsigned NOT NULL,
  `user_id` int unsigned NOT NULL,
  `filename` varchar(255) CHARACTER SET utf8 COLLATE utf8_unicode_ci NOT NULL,
  `size` int NOT NULL,
  `metadata` longtext CHARACTER SET utf8mb4 COLLATE utf8mb4_bin,
  `created_at` datetime DEFAULT CURRENT_TIMESTAMP,
  `updated_at` datetime DEFAULT CURRENT_TIMESTAMP ON UPDATE CURRENT_TIMESTAMP,
  PRIMARY KEY (`id`)
) ENGINE=InnoDB AUTO_INCREMENT=101 DEFAULT CHARSET=utf8 COLLATE=utf8_unicode_ci;
/*!40101 SET character_set_client = @saved_cs_client */;

--
-- Dumping data for table `media`
--

LOCK TABLES `media` WRITE;
/*!40000 ALTER TABLE `media` DISABLE KEYS */;
INSERT INTO `media` VALUES (1,1,1,'http://predovic.com/',248,'Et dolorum ut et perferendis et. Et quia amet quas iure quos dolorem. Asperiores consequatur aut nihil et aliquam delectus delectus minima.','1974-03-04 21:42:30','1997-09-27 14:00:34'),(2,2,2,'http://grant.com/',5,'Ut consectetur quia quaerat nemo voluptates ut voluptatem. Et sed distinctio expedita eaque. Quos facilis recusandae veritatis pariatur eligendi nesciunt et dolor.','2019-03-25 08:44:40','1986-05-02 07:40:54'),(3,3,3,'http://lockman.com/',0,'Dolores voluptatibus adipisci officiis qui. Ad in expedita deserunt et. Doloribus qui quidem dignissimos accusantium qui.','2002-11-14 09:39:52','2019-06-12 16:44:46'),(4,1,4,'http://www.goyetteberge.com/',26483,'Ut dolores enim aspernatur repudiandae. Rem earum suscipit quia voluptas. Necessitatibus impedit voluptatem nulla ut et. Cupiditate aut quasi sint eveniet.','2002-01-18 19:11:55','2017-12-26 06:50:20'),(5,2,5,'http://dubuque.org/',25192397,'Sunt ea aperiam necessitatibus quia enim quia molestias eveniet. Dolor et tempore ullam et est et. Est quas fuga corrupti. Quo saepe voluptates rerum aut.','1978-10-14 22:31:55','2003-03-30 04:54:39'),(6,3,6,'http://hermistonstark.com/',636044324,'Et molestiae odit non neque magni. Quam error quia officiis eligendi consectetur sed est. Sed enim aut libero sunt. Quaerat odit minus error quia fuga consequatur sint at.','1995-11-20 14:06:43','2017-03-26 19:42:16'),(7,1,7,'http://kohler.info/',2861,'Cumque et debitis temporibus facilis voluptate. Atque velit consequatur nemo eaque eos non. Cum natus molestias eum nostrum quam esse. Sapiente aut enim saepe fuga ex.','1972-04-27 00:24:51','2013-09-19 21:21:37'),(8,2,8,'http://bailey.org/',41060726,'Eius et eligendi modi omnis. Occaecati voluptas itaque ut. Quidem facere pariatur eligendi nemo.','2004-03-05 19:41:28','2019-12-15 18:58:45'),(9,3,9,'http://gibson.info/',4813,'Dolores magnam iure excepturi dolore officiis aut. Veniam maxime id voluptas beatae. Et aliquid quidem deleniti rerum qui. Delectus mollitia omnis exercitationem et perspiciatis facilis molestiae.','1976-06-14 02:02:20','2012-06-12 14:02:41'),(10,1,10,'http://www.emmerichdurgan.org/',0,'Perferendis similique cum a quasi nihil. Sapiente laboriosam voluptatum officiis cum. Beatae veritatis natus itaque amet fuga aperiam eaque.','2004-09-15 06:45:02','2012-07-08 06:47:23'),(11,2,11,'http://www.hahn.com/',293865380,'Ducimus qui non velit impedit eum nulla et. Nulla ullam debitis quo ad non. Recusandae deleniti aspernatur eaque id et aspernatur suscipit. Totam modi rerum odit. Iusto quia ullam qui esse.','1989-12-08 13:22:07','2012-02-03 17:37:19'),(12,3,12,'http://www.cormier.org/',947365382,'Delectus fugit dolorum dolorem maiores rem nemo est. Voluptatem aspernatur et et.','2007-01-26 17:57:07','1984-08-06 00:16:20'),(13,1,13,'http://kilback.org/',6,'Autem fuga laborum dignissimos ut. Et non nihil nesciunt ab accusantium velit dolorem aut. Id voluptatem harum voluptatem aut. Laudantium rerum temporibus aperiam quam.','1977-12-02 07:41:02','1976-10-17 12:56:48'),(14,2,14,'http://www.hirtheflatley.com/',687,'Ut odit vero adipisci veritatis vel. Laborum ut nihil quibusdam tenetur. Numquam ut odio aut ab. Odio iusto consequatur aliquam praesentium.','2018-11-03 22:35:29','2011-09-18 09:49:03'),(15,3,15,'http://gleason.org/',81449862,'Ratione enim est et libero voluptatem dolore. Vel velit quasi adipisci asperiores aut. Et dolores dolor fuga ea et.','2003-10-19 15:11:22','1980-12-13 23:30:44'),(16,1,16,'http://www.marvinlemke.info/',86,'Harum natus beatae a et porro itaque et perspiciatis. Repellendus rerum laudantium eum odio nesciunt autem doloribus quam. Nemo doloremque enim a illum nesciunt nesciunt omnis possimus. Sunt dolorum atque iure placeat rerum accusantium ut. Architecto corporis assumenda consequatur.','1999-09-08 21:52:58','2013-07-30 09:47:27'),(17,2,17,'http://www.goyettewest.com/',0,'Natus inventore deserunt officia quaerat adipisci nesciunt et adipisci. Qui quisquam cum culpa perspiciatis sit molestiae quod laboriosam. Aut atque nostrum quia est recusandae non nisi.','1981-09-28 09:48:51','2005-04-06 03:34:12'),(18,3,18,'http://www.moore.com/',673236536,'Omnis a dolorem aut beatae non illum dolores. Enim in cupiditate veniam quia quidem excepturi consectetur. Minima illo ad asperiores delectus.','2008-12-25 03:07:50','1980-12-02 03:05:33'),(19,1,19,'http://kreiger.com/',4,'Laudantium laudantium omnis vel temporibus nihil eos quia. Unde delectus laudantium aut rerum nulla eligendi adipisci. Facilis repellat quasi nihil fuga mollitia reiciendis sit. Quis a inventore molestiae quibusdam consequatur voluptatibus occaecati.','1976-12-10 23:27:14','1980-07-30 22:36:20'),(20,2,20,'http://www.durgan.info/',7,'Repellat qui architecto labore dolores id. Fuga voluptate cupiditate et neque. Facilis magni quis quos maiores. Sit quia eum autem quia modi sint ut.','2019-11-03 18:14:01','1980-02-15 04:16:16'),(21,3,21,'http://mullerweber.com/',902156,'Porro dignissimos veritatis quis placeat. Explicabo ut dolorem dolorum recusandae ipsa. Odit sunt deleniti et assumenda.','1981-09-25 01:53:31','1988-10-25 12:27:11'),(22,1,22,'http://www.whitebins.net/',29889249,'Blanditiis omnis autem libero ratione nostrum et. Saepe aut perferendis odit. Iure nesciunt quia ipsam quasi. Placeat est architecto et minima.','2015-06-26 01:51:23','1986-02-20 06:39:45'),(23,2,23,'http://leffler.com/',39905,'Illo est natus quia maiores tempora quo non. Vero labore vel et et est. Eum omnis fuga alias. Accusamus laborum accusantium iusto animi et repudiandae.','1982-03-13 04:49:44','1984-12-09 23:12:03'),(24,3,24,'http://monahan.com/',5,'Quisquam est dolorum assumenda culpa ratione. Est dolor optio sit dolore aut. Provident dolor qui ullam rerum quisquam consequatur. Alias odit ex voluptas dolores sit.','2002-02-28 22:39:42','2020-01-12 13:38:52'),(25,1,25,'http://www.jakubowskifeeney.com/',91938,'Est iure eaque veritatis consequatur reiciendis blanditiis. Iste illum aliquam error nobis et earum. Voluptas et et sunt quis.','2012-10-02 00:31:27','1997-04-28 21:52:30'),(26,2,26,'http://www.mayer.com/',840481,'Beatae recusandae dolores aut quos. Alias odio fugit autem libero aspernatur magni. Voluptatum ut laboriosam voluptas quisquam rerum.','1997-06-02 21:02:52','1978-06-30 05:13:32'),(27,3,27,'http://www.nolan.com/',97,'Cumque nobis fugit quas commodi temporibus ab. Ea qui autem quo numquam illo voluptas. Et cupiditate molestias qui repudiandae.','1981-02-14 09:31:12','2005-03-17 15:25:12'),(28,1,28,'http://www.moen.com/',2,'Adipisci et inventore animi porro et voluptatem. Consequatur ducimus minima at quo dolorem perspiciatis explicabo.','2009-06-21 12:01:16','2009-12-25 01:51:35'),(29,2,29,'http://www.stracke.com/',7,'Neque et architecto placeat possimus. Debitis libero animi id fuga numquam quibusdam quis. Dignissimos dolores omnis neque error sed.','1998-12-09 11:40:52','1978-10-06 09:10:23'),(30,3,30,'http://hicklerunolfsdottir.net/',58534162,'Alias quidem iusto explicabo numquam culpa reprehenderit omnis. Ipsum dolorem molestiae libero. Aspernatur pariatur sit ad dolorum distinctio. Non et autem iusto amet delectus.','2002-06-21 13:12:13','2003-09-14 19:38:15'),(31,1,31,'http://cassin.info/',0,'Odit quod vitae aut. Laboriosam ex praesentium earum. Ullam esse deleniti et at ullam vel sed.','1976-06-17 07:36:19','1996-03-30 02:37:38'),(32,2,32,'http://gorczanypadberg.biz/',29,'Dolores quia ea hic vel labore culpa illo. Harum iusto qui vero provident atque dignissimos.','2013-08-16 12:49:59','1970-03-10 17:37:01'),(33,3,33,'http://kozey.net/',98280578,'Rerum eos doloremque adipisci sunt aliquam reprehenderit placeat. Dolorum est optio adipisci. Soluta odio dolores expedita ducimus sed et sunt ullam. Cupiditate enim dolore sit dolores neque ratione.','2004-02-12 12:06:28','2001-11-22 08:20:34'),(34,1,34,'http://hauck.org/',97,'Sequi et quidem non deserunt. Excepturi ullam et ut doloremque. Officiis esse occaecati modi non similique. Et quod nisi totam commodi eos. Adipisci voluptate sit quia nisi est consequuntur repudiandae.','1996-03-15 05:22:09','2012-07-12 18:34:01'),(35,2,35,'http://koepp.org/',0,'Impedit quia aliquid distinctio quis. Rerum delectus voluptatum distinctio nemo a. In dolor dignissimos excepturi delectus unde aut sequi nobis.','1980-10-07 14:04:47','2003-12-15 06:39:24'),(36,3,36,'http://fahey.biz/',940,'Harum adipisci magni excepturi sapiente. Id quia odio quia soluta amet quis quia. Esse suscipit ea aut architecto sequi et. Mollitia laborum qui ab.','2012-01-31 22:26:15','1991-11-02 06:30:26'),(37,1,37,'http://www.wymandickinson.org/',8,'Ut magnam at explicabo omnis. Sapiente et dolore modi vero consequatur et. Quo optio ut sed nihil temporibus optio.','1988-09-24 05:44:59','1973-03-01 11:47:03'),(38,2,38,'http://kovacek.info/',7089,'Voluptas sed ea qui perspiciatis. Aut nihil ex esse voluptatem blanditiis nemo. Ut molestias qui incidunt distinctio. Et laudantium cupiditate vero delectus ut rem voluptates. Nemo voluptatibus adipisci similique delectus et vero.','1980-10-07 04:25:37','2013-03-06 01:35:50'),(39,3,39,'http://johns.biz/',55820,'Et debitis libero molestias. Dolorem voluptas minus ut id cum aperiam. Sequi hic iusto ratione. Doloribus ipsam sit tempore dolor. Vel fuga repellendus itaque culpa sint consequatur et.','1999-06-23 17:14:47','2007-08-22 03:34:34'),(40,1,40,'http://www.frami.com/',2630272,'Et aut quas nobis architecto quasi. Cum eos facilis quo et laudantium qui. Quibusdam molestias veritatis non.','1986-06-01 05:43:07','1973-09-25 02:32:48'),(41,2,41,'http://cartwrightanderson.com/',16025063,'Consequatur officiis est facilis quo quo. Reprehenderit earum ut facere voluptatem ab. Cupiditate autem atque aut ipsum doloremque autem. Sunt dolor et est nobis voluptas. Et qui iure autem magni eligendi aperiam.','1978-06-23 18:20:11','2017-11-01 13:55:19'),(42,3,42,'http://schinner.com/',3485,'Sit magnam qui sed quasi et dolore et. Aut quam et maiores. Ut cupiditate laudantium blanditiis consequatur fuga.','2002-11-06 13:45:15','1987-04-30 19:37:06'),(43,1,43,'http://www.nikolaus.biz/',0,'Veritatis eos dolorum est dolore. Voluptatum voluptas dignissimos excepturi ut. Culpa inventore eum incidunt qui est iure ut et. Reiciendis consectetur libero saepe.','2004-09-26 19:30:34','2014-08-20 13:49:48'),(44,2,44,'http://www.jones.com/',7,'Qui veritatis beatae nobis ab deleniti quis. Vitae et pariatur cumque eos vel voluptate sunt. Nemo numquam dolorem nostrum ipsa est quaerat minus.','1980-06-09 00:13:52','2003-03-13 20:52:38'),(45,3,45,'http://metz.info/',2458402,'Nihil impedit quis eum laudantium commodi ad. Aspernatur est praesentium iusto. Ut quam veritatis harum aut autem.','1994-09-16 13:36:22','1986-02-04 16:24:47'),(46,1,46,'http://www.spinka.com/',1,'Et et similique quasi quos. Fugiat est ipsam aliquam illum nulla. Recusandae hic nihil sint quisquam quibusdam. Neque architecto quia in.','2015-11-16 18:06:26','1990-04-07 12:53:17'),(47,2,47,'http://www.jerde.biz/',779055,'Ratione corrupti est voluptatem omnis impedit commodi. Cumque autem doloribus cum et debitis est officia. Maxime odio maxime accusamus dicta dolor.','2005-07-15 22:23:32','1998-01-23 07:06:14'),(48,3,48,'http://www.keelingfeest.com/',6640715,'Suscipit doloribus dolorem fugiat a accusantium facilis possimus. Hic voluptatum a autem tempore qui libero. Aliquid optio nisi tempora. Perspiciatis dolores est aliquid distinctio occaecati quia.','2008-02-18 00:36:46','1983-01-25 08:24:21'),(49,1,49,'http://sporergrimes.net/',83,'Totam deserunt totam est aspernatur quaerat sint beatae nobis. Nobis pariatur natus ratione omnis est quae dicta. Et reprehenderit pariatur quas non. Minus eum enim nihil earum magni quo dignissimos.','1983-09-29 09:04:25','1970-04-01 15:12:47'),(50,2,50,'http://www.zulauf.com/',535750810,'Quasi eum vero quia voluptatum consequatur. Et sequi ratione reiciendis eveniet debitis. Occaecati reprehenderit ipsam quod incidunt.','1999-03-15 01:05:19','2000-05-18 13:38:15'),(51,3,51,'http://www.orn.com/',16,'Rem voluptatem aspernatur animi voluptas inventore consequuntur. Et aut quaerat ut saepe aliquam. Magnam possimus fugiat cumque ex est voluptas excepturi.','2018-10-21 16:55:29','2015-01-29 00:51:26'),(52,1,52,'http://www.ruecker.net/',2,'Eius quod iste magni sed. Ipsum et delectus quia incidunt ea id et sunt. Minus sit deserunt consequatur quia id est. Est consequuntur et dolorem non veritatis odit veniam.','1990-04-29 06:18:46','1976-12-16 07:48:56'),(53,2,53,'http://www.rice.com/',22224,'Reprehenderit sit et amet aut aut voluptate similique. Quia sunt beatae autem architecto. Corporis aut et commodi consequatur voluptas.','1999-08-25 10:54:09','1971-07-17 08:11:07'),(54,3,54,'http://macejkovicmetz.com/',627439574,'Non quas impedit pariatur modi maxime. Eligendi voluptates error alias. Atque nemo dolores et laboriosam.','2018-02-27 00:02:17','2017-07-15 15:55:05'),(55,1,55,'http://zieme.com/',1530154,'Cumque libero consequatur labore accusantium est. Velit enim facere quia aspernatur fuga dolore nisi ipsum. Explicabo omnis et molestiae ducimus id. Reiciendis nulla assumenda et.','2000-06-04 22:32:49','2006-08-15 06:25:35'),(56,2,56,'http://hane.com/',271,'Ut officia laboriosam hic quia iure. Et ut impedit praesentium. Voluptatem exercitationem qui fugit nemo.','1995-07-10 20:43:24','1982-09-15 07:06:08'),(57,3,57,'http://www.corwin.net/',75752621,'Nostrum consectetur fugit quaerat aliquid aliquid. Error molestiae facilis laboriosam quod voluptatem. Facere dolor dolore eum. Aut quia ipsam necessitatibus nihil sit molestiae.','2019-06-15 02:02:45','2009-01-26 02:53:29'),(58,1,58,'http://www.bartell.com/',50083,'Voluptate perspiciatis iure maiores animi nesciunt ut sequi. Et ut et sint. Culpa laborum veritatis dolorum voluptas esse et aut. Nulla enim illum maiores et accusamus ut.','2009-08-21 21:49:03','2008-11-11 23:59:54'),(59,2,59,'http://koss.com/',4547667,'Nobis optio quaerat vero commodi. Quibusdam perferendis ut voluptas dolorem dignissimos dolores qui. Nemo magni et tempore accusamus amet necessitatibus in.','2018-02-17 00:06:13','1976-03-05 15:13:27'),(60,3,60,'http://www.kunzehoeger.info/',0,'Beatae aliquam odit doloremque voluptates officia ut. Minus nulla occaecati vitae quisquam illo. Dolor corporis et qui possimus. Vel omnis optio sapiente aut vero earum consequuntur velit.','1973-01-09 07:57:02','1989-01-20 04:00:36'),(61,1,61,'http://www.yundt.com/',7,'Minima quod delectus sed pariatur ut et aliquid. Pariatur nisi nihil pariatur ratione culpa nihil impedit. Mollitia unde accusamus nostrum amet.','1984-08-16 16:42:07','2012-08-27 15:15:14'),(62,2,62,'http://mayerthagenes.net/',0,'Quidem dignissimos beatae eligendi aspernatur est enim. Quasi cum eius dignissimos dolorem sapiente blanditiis. Quo et qui neque ab tempora.','1988-12-06 11:40:13','2014-03-09 21:49:00'),(63,3,63,'http://www.bins.org/',22377,'Eligendi ipsum magni vitae laborum ut labore rerum officia. Qui qui vitae rerum corrupti. Animi assumenda assumenda neque voluptate ut.','1985-04-18 06:44:12','1976-01-19 01:30:00'),(64,1,64,'http://www.shanahan.info/',21235963,'Autem ipsa voluptatem voluptatem iusto itaque ullam iste nam. Voluptate magni eum consequatur ullam accusamus. Tenetur magnam repellat perferendis occaecati sit. Provident et beatae et blanditiis tenetur tempore.','2003-11-26 06:49:27','1996-06-11 16:30:17'),(65,2,65,'http://www.kub.org/',14584111,'Et at suscipit eos quae ex ratione. Natus sunt veniam perferendis sunt hic labore voluptatem ut. Soluta vel reiciendis perspiciatis sequi quidem ut.','2000-10-17 23:14:14','1978-10-25 12:40:06'),(66,3,66,'http://okuneva.com/',6828511,'Sit molestiae veniam consequatur. At ullam est sint. Consequatur quis id veniam numquam cupiditate molestiae. Omnis amet consectetur nostrum eum sed sint.','1970-08-11 14:53:23','1972-01-04 17:32:39'),(67,1,67,'http://www.kreigerschmitt.org/',85297541,'Id cupiditate in distinctio dolor qui non libero. Et omnis incidunt ratione error. Eos ea voluptates vel et quos ullam nulla. Magnam ut et qui maiores est quia.','1993-08-28 11:35:34','1998-04-07 08:56:59'),(68,2,68,'http://schoenbradtke.biz/',36966812,'Error quas nam expedita ut qui facere corrupti. Corrupti animi ut saepe facere minus. Voluptas molestiae atque ex deserunt eius.','1979-07-28 10:57:30','1975-01-01 23:36:47'),(69,3,69,'http://cummings.biz/',3,'Voluptate eum et repellendus nisi incidunt et officia. Debitis ipsam fuga ex sint vel. Similique aspernatur beatae temporibus quos et inventore. Dolor voluptatem excepturi repudiandae eligendi voluptas adipisci voluptatem.','1991-03-15 12:35:55','2017-08-08 19:32:48'),(70,1,70,'http://www.kiehnpagac.com/',14,'Eum nulla non ullam aut qui. Quo et quam esse quia enim dolores quas. Iusto fugiat quaerat quis sit.','1970-11-12 03:29:08','2019-05-26 15:39:11'),(71,2,71,'http://schowalter.com/',998304,'Ullam praesentium eum animi laboriosam. Culpa minima qui quae aliquid. Qui quis ad aut velit. Cum ratione dolore cumque necessitatibus saepe aliquam.','1982-09-19 14:34:24','1986-06-12 03:00:55'),(72,3,72,'http://kreigerward.com/',903011,'Provident rem fugiat sed non quos ipsam facere. Tempora quas quo aut laboriosam nihil illum rerum ullam.','1996-04-29 06:26:32','2011-02-26 11:17:17'),(73,1,73,'http://mayertbechtelar.net/',15332,'Cumque dolorum quam occaecati pariatur facere sit voluptatem dolor. Qui eos et eum aperiam. Vel tenetur quod cumque.','2008-03-13 16:00:52','2001-01-19 13:23:37'),(74,2,74,'http://murphy.net/',6,'Eveniet quia laudantium dolor et et ut et autem. Ut harum non velit illo ut. In repellat et natus. Est et dolore maxime dolores.','2010-04-30 08:04:15','1998-06-11 19:32:24'),(75,3,75,'http://www.gerhold.net/',26,'Rerum ab nesciunt exercitationem asperiores. Dolores blanditiis quod quia ratione eum. Saepe numquam omnis inventore sit. Distinctio veritatis eum sed et.','1998-04-21 19:39:05','2007-03-15 08:42:50'),(76,1,76,'http://okeefe.info/',0,'Est sint est ut officiis. Expedita fugit eos dolorum repudiandae est voluptatem tempore. Omnis ut consectetur aspernatur ullam et nulla est. Ut delectus dolor corrupti sit numquam eum.','1999-11-03 23:35:47','2002-02-04 22:06:41'),(77,2,77,'http://rowelangosh.com/',2,'Mollitia odio qui nobis corrupti est sunt. Et itaque nulla eum eos et. Ut commodi ducimus beatae totam rerum nam minima.','2005-09-25 16:20:38','2007-06-13 22:58:54'),(78,3,78,'http://www.kozey.com/',589364858,'Distinctio beatae illum et eveniet repellat est. Voluptas itaque culpa ad totam adipisci. Ut libero sit quo vero soluta nobis quis. Harum dolores sunt asperiores sit consequatur.','2005-10-13 16:36:05','1971-07-27 04:40:53'),(79,1,79,'http://yundt.biz/',2,'Facere qui qui numquam mollitia. Odit vel ut rerum nesciunt voluptatem consequatur quo. Et commodi accusamus iste et qui.','1998-06-03 07:45:01','2000-03-28 05:16:36'),(80,2,80,'http://hirthepagac.com/',91,'Recusandae modi impedit velit molestias at nam qui. Minima dolorem sequi quia ut debitis asperiores iusto facilis. Rerum fugiat quasi in voluptas quis laborum. Et maiores voluptas enim ea.','1989-08-19 18:49:41','1983-12-20 23:32:20'),(81,3,81,'http://www.lowecartwright.com/',5336640,'Commodi adipisci ducimus quaerat qui ad illum sint. Cum sit quaerat dolor a explicabo debitis earum. Recusandae dolor non velit.','2003-01-25 14:02:50','1988-12-24 07:06:23'),(82,1,82,'http://hoegerdouglas.biz/',5151626,'Consequatur magnam eveniet maiores nisi reprehenderit provident eius. Autem commodi incidunt odit soluta id sint aspernatur velit. Quos qui aut et mollitia. Aliquid atque dolore quia et ea deleniti.','2015-08-05 20:00:17','2003-11-24 00:40:44'),(83,2,83,'http://kessler.biz/',457,'Possimus aspernatur cupiditate corporis debitis. Ea est suscipit quia reiciendis repudiandae. Necessitatibus expedita similique rerum et ea. Necessitatibus fugit voluptatem voluptatibus esse.','1991-05-11 11:05:52','1970-07-25 20:03:13'),(84,3,84,'http://connmcclure.com/',312,'Nulla sed aut voluptatem rem. Eveniet aut mollitia quaerat quam rerum aut incidunt nobis. Quasi neque maiores ut id minus nesciunt magni.','2005-05-15 00:06:55','1972-03-23 06:21:45'),(85,1,85,'http://www.connelly.net/',960188253,'Ex aliquam aperiam perferendis est eos non ex. Voluptatibus temporibus quis culpa. Quidem sapiente accusantium aliquam et voluptas labore fuga. Eum dolorem numquam sed et provident sed aperiam. Dignissimos voluptas tempore sed iusto et ut.','1981-03-24 13:22:25','1970-08-24 19:57:41'),(86,2,86,'http://cronin.com/',16154,'Est ratione delectus fuga sit dolorem. Inventore quas quis soluta explicabo sed. Praesentium dolores porro et facere sunt deleniti est maiores.','2014-08-17 20:55:50','2005-04-16 11:58:03'),(87,3,87,'http://klinggorczany.com/',4223716,'Similique velit non odit qui magni reiciendis. Odit cupiditate nam qui omnis voluptatem.','2006-02-13 12:41:56','1972-01-02 04:36:55'),(88,1,88,'http://www.murraygerlach.biz/',9,'Velit rem autem ut neque accusantium. Aut id eaque et deserunt voluptatibus aperiam. Amet aliquid ipsam et consequatur possimus modi et nihil. Laborum natus consequatur atque similique a.','2011-06-26 07:55:47','2002-09-14 17:35:04'),(89,2,89,'http://www.altenwerth.com/',27,'Est nemo voluptas accusamus et maxime. Eum porro veritatis cumque quasi ea. Mollitia dolor accusantium illum architecto unde. Sit qui vel dignissimos possimus.','1988-10-16 15:52:31','1987-01-04 13:20:16'),(90,3,90,'http://little.com/',323,'Ut exercitationem perferendis error ab laboriosam. Quas ducimus deleniti laudantium vitae aliquam. Eius omnis ut voluptates et soluta.','1983-10-23 19:28:35','1996-01-18 19:14:04'),(91,1,91,'http://bartoletti.com/',626410,'Doloribus voluptatibus quasi aut nisi. Aspernatur dolores perspiciatis quis quibusdam. Error exercitationem esse aut minima tenetur. Error sapiente tenetur reiciendis aut qui quisquam.','2018-10-25 07:01:50','1979-02-06 00:39:49'),(92,2,92,'http://hamill.org/',826864,'Itaque nihil aliquam harum dolore et. Quia voluptatem autem sunt consequatur officia. In animi eligendi voluptas.','2007-12-11 21:50:12','1974-03-17 09:31:14'),(93,3,93,'http://boganwitting.org/',46,'Impedit non eaque eius ea. Aperiam quis accusamus dolor et aut eveniet. Minima corporis est veniam doloribus animi.','1990-06-19 14:27:48','2014-05-28 01:10:49'),(94,1,94,'http://www.goodwinrolfson.com/',51040,'Repellendus sed maxime corrupti atque qui voluptatem. Sit consectetur quisquam possimus possimus accusamus rerum aut. Animi rerum et porro est perspiciatis.','2015-06-28 07:36:27','1991-06-20 08:36:37'),(95,2,95,'http://www.kuhlman.net/',3812,'Qui explicabo dolore tenetur et. Repellendus modi mollitia atque nobis. Sequi vel neque repellendus aspernatur placeat sit. Corporis quas totam aut et.','2003-03-30 20:33:59','1988-04-12 08:04:26'),(96,3,96,'http://www.grady.com/',0,'Tempora voluptatem nostrum voluptatem exercitationem tempora. Cupiditate accusamus delectus at molestiae quaerat eveniet expedita. Dolorem vel voluptas consectetur dolorem assumenda. Exercitationem non aut eligendi ut qui est. Id corporis doloribus quia nostrum quia debitis.','2013-07-01 18:38:43','2009-12-26 23:27:05'),(97,1,97,'http://www.gutmann.net/',562,'Velit sint a et aut sint culpa. Doloremque distinctio sunt ut molestiae. Veritatis ratione nobis vel dolor. Optio non vitae debitis aut est molestiae quia vel.','2008-09-19 12:24:44','2010-07-04 14:00:46'),(98,2,98,'http://www.greenzieme.com/',432424099,'Hic quam assumenda neque quis est ut laboriosam. Ipsum alias nobis provident dicta atque blanditiis. Debitis ipsum fuga dolorem.','2003-01-12 14:39:08','2018-04-26 02:21:53'),(99,3,99,'http://boyle.com/',3,'Est libero et facere dolores molestiae et ut ipsa. Nihil enim non quae aut est. Temporibus laboriosam qui ratione aliquam.','1983-04-23 20:04:49','1989-11-21 02:42:49'),(100,1,100,'http://kuvalis.com/',821794,'Adipisci eius voluptas distinctio qui et. Reprehenderit voluptatem quas sit molestiae. Qui ut ratione officiis quis aut porro.','2017-07-07 11:17:16','1995-04-03 01:46:07');
/*!40000 ALTER TABLE `media` ENABLE KEYS */;
UNLOCK TABLES;

--
-- Table structure for table `media_types`
--

DROP TABLE IF EXISTS `media_types`;
/*!40101 SET @saved_cs_client     = @@character_set_client */;
/*!50503 SET character_set_client = utf8mb4 */;
CREATE TABLE `media_types` (
  `id` int unsigned NOT NULL AUTO_INCREMENT,
  `name` varchar(255) CHARACTER SET utf8 COLLATE utf8_unicode_ci NOT NULL,
  PRIMARY KEY (`id`),
  UNIQUE KEY `name` (`name`)
) ENGINE=InnoDB AUTO_INCREMENT=4 DEFAULT CHARSET=utf8 COLLATE=utf8_unicode_ci;
/*!40101 SET character_set_client = @saved_cs_client */;

--
-- Dumping data for table `media_types`
--

LOCK TABLES `media_types` WRITE;
/*!40000 ALTER TABLE `media_types` DISABLE KEYS */;
INSERT INTO `media_types` VALUES (1,'jpeg'),(2,'mp3'),(3,'mp4');
/*!40000 ALTER TABLE `media_types` ENABLE KEYS */;
UNLOCK TABLES;

--
-- Table structure for table `messages`
--

DROP TABLE IF EXISTS `messages`;
/*!40101 SET @saved_cs_client     = @@character_set_client */;
/*!50503 SET character_set_client = utf8mb4 */;
CREATE TABLE `messages` (
  `id` int unsigned NOT NULL AUTO_INCREMENT,
  `from_user_id` int unsigned NOT NULL,
  `to_user_id` int unsigned NOT NULL,
  `body` text CHARACTER SET utf8 COLLATE utf8_unicode_ci NOT NULL,
  `is_important` tinyint(1) DEFAULT NULL,
  `is_delivered` tinyint(1) DEFAULT NULL,
  `created_at` datetime DEFAULT CURRENT_TIMESTAMP,
  PRIMARY KEY (`id`)
) ENGINE=InnoDB AUTO_INCREMENT=101 DEFAULT CHARSET=utf8 COLLATE=utf8_unicode_ci;
/*!40101 SET character_set_client = @saved_cs_client */;

--
-- Dumping data for table `messages`
--

LOCK TABLES `messages` WRITE;
/*!40000 ALTER TABLE `messages` DISABLE KEYS */;
INSERT INTO `messages` VALUES (1,1,74,'Consequatur consequuntur hic eos accusantium quo. Aut enim doloribus odio velit dignissimos doloribus dignissimos. Voluptatibus incidunt nulla quia nam dolore.',0,1,'2013-08-09 17:52:55'),(2,2,95,'Dolorum sunt aut veritatis accusamus cupiditate. Nihil dignissimos reiciendis inventore eos. Inventore exercitationem molestias saepe. Id autem ab officiis minima quas aperiam sint.',1,1,'2012-01-26 17:43:50'),(3,3,53,'Nihil ullam aut illum qui optio ut. Harum reprehenderit placeat cumque quaerat omnis. Quae necessitatibus nostrum et beatae.',0,1,'2013-05-02 10:45:50'),(4,4,71,'Harum ut aspernatur iusto consectetur. Vel ratione sed non sapiente eos maiores velit. Ea distinctio cumque veritatis ut natus atque.',0,1,'2002-08-24 14:14:50'),(5,5,74,'Corporis quo a nam nemo facilis non non. Et qui et optio cum minima ut mollitia. Autem maxime possimus et cumque esse natus excepturi quidem. A ducimus dolorem dicta quia atque quia reiciendis.',0,0,'2011-01-09 07:32:45'),(6,6,95,'Et ducimus quibusdam recusandae. Id praesentium reiciendis consequatur alias asperiores eum fugit. Animi esse officia est.',0,0,'1981-09-13 05:32:08'),(7,7,67,'Voluptatum id quod optio molestiae. Animi ut inventore qui consequatur enim distinctio. Et soluta quae amet. Delectus placeat eveniet consequuntur omnis. Nam eum perferendis magnam itaque.',1,0,'2018-01-02 14:33:07'),(8,8,7,'In commodi quibusdam nostrum saepe impedit ducimus. Velit earum vitae rerum suscipit adipisci vel voluptas. Nisi dignissimos quidem ut totam reprehenderit dolores odit. Reiciendis magnam tempora illo eius.',0,0,'1990-03-09 01:32:34'),(9,9,99,'Et doloribus quibusdam voluptatem repellat ea nihil. Quasi recusandae omnis nobis ut sed.',0,0,'2006-09-10 17:30:25'),(10,10,7,'Sit quod soluta et. Quia cum aut delectus. Iusto dolorum est est voluptatem delectus. Id eligendi labore consequuntur quam. Placeat minus magni atque earum.',0,0,'2003-06-07 09:52:43'),(11,11,37,'Rerum quam commodi illo. Sed iure libero dicta nesciunt nihil expedita autem. Earum excepturi rerum quae sit eum saepe corporis.',1,1,'1983-01-21 12:45:59'),(12,12,75,'Voluptatum est nisi voluptas deserunt vel repellendus. Hic et repudiandae earum quos. Consequuntur est consequatur ipsa maxime.',0,0,'1993-06-18 01:04:50'),(13,13,22,'Vero enim est et ut. Molestiae consequatur adipisci omnis nam doloremque ut ut. Non numquam officia eos labore commodi veniam voluptatum.',1,0,'1983-02-24 16:07:51'),(14,14,76,'Autem et aliquid et. Adipisci molestiae facere autem tenetur. Fuga eligendi sequi est quos facilis illum perspiciatis.',0,0,'1993-05-27 20:38:30'),(15,15,99,'Temporibus doloribus quo aspernatur eius modi sunt iusto. Et porro veritatis nemo eum quia. Maiores fugiat minima dolore omnis. Placeat quia possimus nam qui et est dicta.',0,1,'1996-10-30 19:19:55'),(16,16,62,'Cupiditate et iure et numquam reprehenderit. Corporis quis qui ea placeat. Qui placeat quo aperiam quo est.',1,0,'1988-11-26 06:39:14'),(17,17,20,'Possimus modi nihil dolor expedita repellendus. Accusantium commodi accusamus porro nesciunt. Qui quia repudiandae iste.',1,1,'1972-10-12 13:44:05'),(18,18,80,'Ex et dolorem soluta unde. Dolores quidem ut dignissimos quisquam aut. Sint repudiandae praesentium qui ut facere voluptas consequuntur.',1,1,'1986-09-13 14:10:45'),(19,19,25,'At culpa veritatis cum ut eum voluptas facilis. Et quo maxime veniam tempore. Corrupti rerum non atque assumenda et.',1,0,'2003-03-29 13:42:05'),(20,20,19,'Laborum numquam esse consequatur a quod quos. Placeat alias dolores occaecati temporibus. Et praesentium error quas facilis. Eveniet consectetur vel a nihil repudiandae rerum.',1,1,'2003-01-01 05:32:09'),(21,21,75,'Est quas cumque placeat minima natus et. Assumenda nobis maxime laboriosam. Aut minus et in ea doloremque.',1,1,'1989-10-26 15:40:41'),(22,22,61,'Soluta voluptatem culpa eligendi. Porro hic commodi ut eaque et unde. Recusandae consequatur saepe praesentium cupiditate fugit.',1,1,'2003-05-03 10:20:51'),(23,23,65,'Enim sit distinctio omnis maxime illo qui expedita. Modi ea qui accusamus nesciunt iure. Repellendus quaerat pariatur aut soluta maxime. Odio necessitatibus omnis corporis asperiores minus.',1,0,'2017-12-22 23:08:39'),(24,24,53,'Velit officia eum assumenda. Quasi aliquid sit rerum et tempora. Voluptatibus temporibus quos necessitatibus natus ullam similique. A corporis qui et ut et eius. Ut dolorum illum qui reiciendis.',0,0,'2012-02-28 20:39:47'),(25,25,35,'Cumque neque similique animi aut numquam quaerat quo eos. Excepturi omnis ad repudiandae ad qui magni. Nostrum soluta cumque maiores quas dignissimos eum nihil. Iusto inventore ab earum necessitatibus autem ut.',0,1,'1996-12-20 19:14:06'),(26,26,29,'Sunt quaerat eaque similique inventore illum. Eum fugit quo velit sed assumenda voluptatem.',1,1,'1987-05-07 08:13:34'),(27,27,31,'Est ea voluptas voluptate voluptatem molestiae et et ipsa. Nostrum in voluptas explicabo. Sit ratione sequi omnis quia deserunt.',0,0,'1980-07-23 08:39:36'),(28,28,16,'Consectetur in soluta sequi et commodi. Tenetur est sed explicabo. Enim placeat rerum quis quam. Totam dolorem aspernatur voluptas autem cum suscipit.',0,1,'2013-08-09 23:56:30'),(29,29,16,'Minus ut laboriosam natus. Asperiores dolor corporis consectetur voluptates quis. Deleniti libero voluptates quasi aut. Odio consequuntur sint nemo repellat consectetur cupiditate ratione. Consectetur ex aut numquam quam ad nobis similique.',1,1,'2016-05-05 09:15:25'),(30,30,95,'Sapiente qui ab maiores possimus dolor. Ut nihil ut cumque. Consectetur consequatur consequatur assumenda odit delectus. Labore rerum aut dolor natus eum.',0,1,'2013-01-29 13:54:50'),(31,31,78,'Inventore temporibus occaecati voluptates temporibus natus voluptates et. Et eius cupiditate voluptas. Accusantium commodi tempora ea illo exercitationem non.',1,0,'1998-10-10 12:38:22'),(32,32,91,'Est quam sint dolor tempore fugit quod non. Nulla qui in suscipit dolores alias dolorum.',0,1,'2010-12-26 01:02:41'),(33,33,53,'Doloremque recusandae odio enim iure veniam id laboriosam. Molestiae sit rerum dolorum consequatur dolor.',1,0,'1995-06-16 06:11:08'),(34,34,72,'In perspiciatis dolorum molestiae sunt non. Sint architecto ab soluta delectus qui. Eos similique et asperiores unde et aut omnis. Repellendus maiores et harum iste.',1,1,'2009-03-13 00:53:08'),(35,35,54,'Quis itaque minima similique aut voluptas. Porro ipsam eligendi aut voluptatem ipsam sapiente fuga. Unde ullam adipisci voluptatem qui sed voluptatem.',0,0,'1998-05-26 00:43:42'),(36,36,63,'Enim quas minus debitis earum adipisci. Provident voluptas nesciunt voluptatem magni architecto laudantium dolores nobis.',1,1,'2003-12-13 16:40:32'),(37,37,68,'Quis eaque voluptas minus facere cum voluptate. Delectus sed nesciunt repellat cumque aut.',0,0,'2006-07-13 18:24:38'),(38,38,76,'Laboriosam voluptas id ut eligendi voluptatem et consequuntur. Neque quidem magnam ab nobis dignissimos iste possimus. Maxime est perferendis nam voluptas neque reiciendis impedit.',0,0,'1984-01-14 02:38:30'),(39,39,92,'Deserunt minus libero vero quam. Dolor et quaerat aspernatur velit distinctio cumque minima. Molestias necessitatibus quae quod rem consectetur illo et.',1,1,'2010-07-01 01:51:56'),(40,40,66,'Esse quas ullam iste illum earum sint id mollitia. Sit perspiciatis eveniet earum aliquam est voluptas. Provident dolor voluptatibus deleniti dicta. Rerum est mollitia in et possimus vero.',1,1,'1992-11-20 16:41:11'),(41,41,89,'Repudiandae est eligendi sit consectetur sit quam temporibus. Accusantium tempore excepturi et quas. Aut beatae et quo nihil et nam autem.',0,0,'1994-08-13 10:04:32'),(42,42,68,'Quidem at non amet. Et quam voluptate hic ipsam et. Exercitationem earum quaerat qui optio ipsum eum qui. Illo magnam a sit quis eos odio. Qui voluptas sequi est.',1,1,'2014-09-28 13:53:08'),(43,43,31,'Reprehenderit debitis molestias recusandae. Minus sed iusto voluptas enim et. Assumenda architecto omnis et est nemo.',1,1,'2007-10-31 16:04:03'),(44,44,53,'Aspernatur et illum magnam sed quia. Omnis qui nobis tenetur eligendi. Ut qui placeat vel. Neque magnam ut perferendis maiores dicta repudiandae.',1,0,'1973-10-22 09:05:45'),(45,45,75,'Cupiditate laboriosam est harum eos reiciendis corporis et. Totam facilis qui natus voluptas nihil. Sed error aut cum occaecati ea voluptatem unde aliquid.',0,0,'2010-04-26 19:21:31'),(46,46,58,'Qui voluptatem culpa inventore sit dolorem. Nihil accusamus deleniti qui aut amet ad ipsa. A est magnam est quo voluptas. Saepe velit sint aut omnis ex illo ipsum tempore.',1,0,'2007-05-30 23:24:12'),(47,47,54,'Autem consequatur ducimus id maiores. Voluptatem et dignissimos cum veritatis. Occaecati ut sapiente velit natus. Odit illum sed temporibus voluptas omnis.',1,0,'1979-04-14 05:23:02'),(48,48,65,'Ducimus voluptas qui architecto modi. Molestiae hic quis tenetur quia corrupti consequatur facilis eum. Unde exercitationem dolorem laboriosam nemo. Facilis sed rem est id voluptatem quos molestiae.',1,1,'2009-04-02 22:45:26'),(49,49,1,'Placeat cumque suscipit fugit at aut facilis. Voluptates molestias animi ut veritatis ut rem non. Reprehenderit inventore facilis illo dolores est corrupti. Qui harum consequatur consequuntur sed dicta.',1,1,'2008-02-24 08:51:02'),(50,50,54,'Ullam explicabo et nulla quidem et iusto. Voluptas saepe eum qui aut cupiditate atque veritatis.',0,0,'2012-08-07 16:19:34'),(51,51,56,'Quibusdam optio minus consequuntur veniam illo libero. Harum atque porro molestiae neque animi. Sit molestiae aut qui voluptas unde suscipit nemo tempore. Ut qui provident molestias.',0,1,'2016-10-10 19:49:46'),(52,52,15,'Molestiae odit et ullam quibusdam a. Molestiae eius esse totam odio deserunt et ut. Omnis harum aut voluptatem eos beatae. Et laborum veniam repellendus velit laboriosam ab et.',0,1,'2005-10-12 09:07:35'),(53,53,62,'Ipsum corrupti omnis vel vitae delectus blanditiis. Earum esse et aut magni harum aut repudiandae. Cumque ad eligendi temporibus sit numquam rerum maxime.',0,1,'2011-12-29 14:20:39'),(54,54,2,'Cupiditate et impedit et totam ut id excepturi sint. Quia culpa praesentium expedita et. Sunt sint animi ab necessitatibus. Voluptas tenetur perferendis ipsa eos.',1,0,'1986-07-27 19:27:19'),(55,55,64,'Corrupti veniam velit eos itaque neque. Consectetur ex facere est deleniti aut accusamus quisquam ut. Dolores quia mollitia ipsa.',1,1,'1984-10-19 00:29:32'),(56,56,92,'Consequatur sed quos quasi non officiis saepe ipsam quae. Ab est impedit id consequatur aut. Earum rem consequatur vitae ipsum nobis dolores. Aut non possimus suscipit. Eos nihil rerum non.',1,1,'2007-09-12 06:20:17'),(57,57,53,'Sit temporibus sunt maiores rerum aliquid. Id modi quidem quos. Soluta asperiores qui enim rem repudiandae nam.',0,0,'1997-10-13 00:32:37'),(58,58,35,'Maxime fuga iure eaque ut consequuntur. Expedita fugiat nostrum sunt eos cumque eaque dolore. Facere voluptate odit quasi labore officia quos. Qui laudantium praesentium dignissimos ea ipsam dignissimos.',0,0,'1994-07-10 08:43:41'),(59,59,21,'Libero voluptatem tempore laboriosam vitae voluptatem. Aut voluptatem ad repellendus voluptatum. Iusto sapiente harum culpa quia nisi ipsum adipisci.',1,1,'1980-08-26 19:32:35'),(60,60,79,'Totam odio ea ea illum non enim. Quo molestiae beatae alias repellat non et commodi. Iure dicta est nisi debitis rerum.',1,0,'1971-12-05 05:55:39'),(61,61,48,'Architecto laudantium voluptatum sed quo non nobis dolores at. Illo error mollitia numquam facere rerum deserunt dolor. Aut assumenda cumque hic veritatis eligendi earum.',1,1,'1985-04-03 12:53:55'),(62,62,65,'Soluta eum dolore dolor ut. Voluptatem neque velit in et quasi. Amet non libero et quia veniam. Hic vitae aut molestiae non.',0,0,'1999-10-27 23:11:52'),(63,63,15,'Repellendus quo quis dignissimos nemo soluta qui voluptatem. Ut et sapiente error voluptatem. Vel autem autem quos quia doloremque dolorem. Laudantium enim qui qui quo eos qui.',0,0,'1993-05-22 20:35:41'),(64,64,56,'Sapiente modi eligendi et aut sed. Voluptatibus mollitia sed quasi cum qui. Perspiciatis eveniet placeat nihil magni et sed earum. Aliquid recusandae non labore voluptatem.',1,0,'1998-12-27 09:23:33'),(65,65,24,'Cupiditate ipsam error dolore dolorum quam ut. Numquam esse aspernatur eos reprehenderit. Quia inventore omnis beatae et porro. Odit et exercitationem mollitia.',1,1,'2009-09-11 21:52:42'),(66,66,93,'Ut suscipit perferendis voluptas qui. Dolorum ipsum culpa autem commodi. Laudantium quasi delectus velit a. Voluptatem quo quo tempore ipsum et.',0,0,'1993-02-02 18:11:31'),(67,67,77,'Quam ab dolores enim tempore. Iusto iure accusantium omnis ut laudantium. Architecto porro et harum sed velit. Fuga eum accusantium suscipit eveniet nulla.',1,1,'1984-12-26 23:10:15'),(68,68,49,'Assumenda ad vel autem consequatur iusto atque. Eos facilis facilis architecto. Modi voluptatum voluptas quia corrupti dolores magnam itaque.',0,0,'2013-02-03 13:10:15'),(69,69,38,'Consequatur qui modi quo sed facere quia aliquid. Illum sed ut accusamus voluptates non quo cum. Laboriosam eligendi deserunt vel et repellat harum accusamus dolorem.',0,1,'1995-10-05 12:50:43'),(70,70,18,'Officiis eligendi at distinctio. Voluptas vel consequatur molestiae nihil modi culpa. Sunt eveniet rerum beatae cum praesentium.',1,1,'2016-08-07 00:50:24'),(71,71,78,'Omnis sed eos quis earum nemo. Aliquid officiis veritatis qui eius dolores adipisci qui. Ea et sed hic porro tempore beatae.',0,0,'2017-08-25 00:27:05'),(72,72,89,'Corrupti quibusdam ratione blanditiis sunt perferendis doloremque aut enim. Excepturi provident voluptates ipsa nam ratione quod fuga sint. Ullam iusto non provident nesciunt. Eligendi velit accusantium est et necessitatibus.',0,1,'2011-07-09 22:07:19'),(73,73,69,'Ut ipsam veniam impedit rerum velit. Consequatur et et adipisci nostrum quis. Rem itaque blanditiis ipsum vitae nesciunt. Est vel consequatur ipsa voluptatibus.',1,1,'1970-12-31 23:08:20'),(74,74,17,'Quia recusandae error voluptas dolores. Autem dolores dolorum cum provident. Fugiat non quae ipsa debitis architecto. Autem in perspiciatis sunt consequatur accusamus unde aut porro.',0,1,'2000-09-24 11:26:09'),(75,75,49,'Quod alias tempora hic deserunt minima. Praesentium quas animi perspiciatis deleniti. Numquam porro sint sint sit sed et consequatur iste.',0,0,'1972-11-03 16:52:18'),(76,76,98,'Minima doloribus quo aut provident ea quibusdam expedita delectus. Dolores cumque error velit rerum explicabo eos quis. Amet neque fugiat atque enim. Aliquam ut voluptatum eveniet mollitia voluptas sapiente.',0,1,'1972-07-07 23:47:17'),(77,77,22,'Tenetur sit vitae commodi est repellat harum. Porro provident voluptates ex similique natus veritatis odit. Aut et mollitia voluptas in voluptas mollitia eum. Ut blanditiis recusandae ipsa eaque sunt. Sit sit incidunt asperiores voluptatibus sequi.',0,0,'2015-08-14 21:30:15'),(78,78,22,'Quod et consequatur at non dolorem. Ea aliquid odio neque distinctio ex in suscipit. Et vero ab dolorum atque sunt.',1,1,'1980-08-18 17:36:52'),(79,79,33,'Illo rerum qui tenetur aspernatur. Modi ut enim accusamus occaecati fugit. Ut et corporis qui atque ipsa distinctio.',1,0,'2019-06-06 03:13:37'),(80,80,92,'Eos commodi numquam quibusdam velit unde. Autem mollitia impedit quo voluptatem voluptatem harum. Officia sunt omnis fugit odio quis aliquid pariatur. Repudiandae ut laudantium aut molestiae et.',0,0,'2000-12-06 20:14:11'),(81,81,87,'Rerum dolor quibusdam maxime et consequatur dolor illum. Dolores esse accusantium perferendis. Perspiciatis est similique repellat. Excepturi libero vero architecto consequatur.',0,1,'1978-07-05 07:14:34'),(82,82,24,'Doloribus consequatur facere assumenda omnis architecto soluta. Enim quae blanditiis quo. Asperiores rem similique ex neque et voluptas quaerat. Incidunt velit eaque qui laudantium nostrum et.',0,1,'1992-04-12 18:24:29'),(83,83,22,'Quis qui aut praesentium repudiandae. Et ut officiis dolores ut sint repellat sequi. Consequatur magni esse pariatur error illum.',1,1,'1983-02-08 18:07:53'),(84,84,11,'Alias officia odio commodi incidunt vero eveniet. Cupiditate sed est nihil ipsa qui consequuntur optio. Reprehenderit aspernatur dolores sed quidem consequatur dolorum dignissimos corporis. Sit minima accusantium non autem expedita quibusdam.',1,0,'1997-01-19 18:54:51'),(85,85,63,'Dolorum qui omnis laudantium. Atque vel sint nihil quibusdam quae qui tenetur. Nam accusamus omnis voluptas corrupti. Eum cum debitis voluptas ut est voluptatem magnam.',1,0,'2010-06-08 22:09:34'),(86,86,95,'Ut et beatae enim occaecati aliquid. Debitis nam ullam suscipit necessitatibus ex ipsum deserunt. Iusto eaque eum adipisci deleniti et praesentium.',0,1,'1996-07-26 10:49:34'),(87,87,35,'Nisi recusandae dicta facilis officia sunt. Id occaecati nesciunt eos sed quo voluptate deserunt. Consequatur et voluptatem dolores aperiam.',1,1,'1998-11-26 22:54:40'),(88,88,93,'Aliquid voluptas assumenda itaque placeat. Dolorem est exercitationem quo suscipit quia veritatis in pariatur. Praesentium dolores porro natus.',0,1,'1982-07-16 22:34:32'),(89,89,35,'Animi maxime voluptas tenetur id et dolorem nulla. Quia magnam labore sint similique ipsam hic harum.',0,0,'2014-08-31 00:23:28'),(90,90,57,'Qui eos ad nemo qui aut ullam corporis deserunt. Aut exercitationem odit dolores dolorem eligendi. Repudiandae labore odit sequi inventore omnis. Qui deleniti laborum molestiae iure totam.',0,1,'2001-10-03 19:09:59'),(91,91,10,'Saepe omnis rem excepturi inventore laudantium. Voluptatum porro enim recusandae libero. Necessitatibus et et quasi nihil non labore voluptates.',1,0,'2010-10-10 09:41:03'),(92,92,48,'Est recusandae aut et id ea totam. Ducimus labore sunt et mollitia rerum. Placeat blanditiis repudiandae illo sed officiis et quidem. Aut dolore itaque sit vel.',1,1,'1978-03-02 08:50:38'),(93,93,59,'Et nobis et corporis. Molestias alias aut adipisci sed suscipit rerum doloremque. Nihil tenetur doloremque quia sunt. Magni eos ut mollitia consequatur.',1,1,'1981-02-11 14:00:47'),(94,94,49,'Recusandae sed ducimus enim. Officia quo enim sed iure repudiandae hic. Earum ducimus autem et. Omnis odio hic voluptas molestiae laboriosam et nihil.',1,1,'1972-12-18 13:07:12'),(95,95,62,'Consequuntur doloribus eos voluptatem sit temporibus dolor. Magni animi consequatur eveniet aut totam aut rerum nobis. Alias eos et reprehenderit repellat hic est.',1,0,'2008-12-16 22:21:36'),(96,96,6,'Atque tempore assumenda soluta rerum corporis qui. Ut laudantium ullam ea necessitatibus voluptates quisquam et. Illum et repellendus quasi. Ipsam et ipsa rem.',0,1,'2015-10-02 06:59:29'),(97,97,86,'Et magnam qui eum nemo iure delectus minima. In enim doloremque quam et.',0,0,'1993-07-04 22:12:25'),(98,98,93,'Nihil officia qui voluptatem maiores a nostrum qui. Impedit sed dolores et eaque quisquam. Quae laboriosam qui id. Asperiores debitis consequuntur reiciendis ipsum. Ab similique quae in sint.',0,0,'1998-03-03 08:35:22'),(99,99,76,'Sunt aut ratione autem consequatur. Consectetur debitis quia animi quibusdam. Repudiandae cum et ut sed. Molestiae est odit id unde eius.',0,1,'2006-08-05 08:03:30'),(100,100,7,'At sequi aut iure quis reprehenderit odit mollitia id. Beatae eos qui qui quibusdam debitis et. Velit voluptatem maxime et atque sit illum velit voluptatibus. Et fugiat explicabo ipsa magnam.',1,1,'2014-08-18 03:49:01');
/*!40000 ALTER TABLE `messages` ENABLE KEYS */;
UNLOCK TABLES;

--
-- Table structure for table `profiles`
--

DROP TABLE IF EXISTS `profiles`;
/*!40101 SET @saved_cs_client     = @@character_set_client */;
/*!50503 SET character_set_client = utf8mb4 */;
CREATE TABLE `profiles` (
  `user_id` int unsigned NOT NULL,
  `gender` char(1) CHARACTER SET utf8 COLLATE utf8_unicode_ci NOT NULL,
  `birthday` date DEFAULT NULL,
  `city` varchar(100) CHARACTER SET utf8 COLLATE utf8_unicode_ci DEFAULT NULL,
  `country` varchar(100) CHARACTER SET utf8 COLLATE utf8_unicode_ci DEFAULT NULL,
  PRIMARY KEY (`user_id`)
) ENGINE=InnoDB DEFAULT CHARSET=utf8 COLLATE=utf8_unicode_ci;
/*!40101 SET character_set_client = @saved_cs_client */;

--
-- Dumping data for table `profiles`
--

LOCK TABLES `profiles` WRITE;
/*!40000 ALTER TABLE `profiles` DISABLE KEYS */;
INSERT INTO `profiles` VALUES (1,'','2012-12-15','Kenyonview','Mayotte'),(2,'','2012-09-29','Martinshire','Slovenia'),(3,'','2017-02-15','Ladariusville','Holy See (Vatican City State)'),(4,'','2015-08-27','Lake Treyhaven','El Salvador'),(5,'','2010-10-15','Gottliebville','Saint Lucia'),(6,'','2019-03-25','East Elseshire','Malta'),(7,'','2016-07-20','West Jocelyn','Cocos (Keeling) Islands'),(8,'','2010-03-23','South Gunnerton','Papua New Guinea'),(9,'','2012-09-08','Audiechester','Indonesia'),(10,'','2013-04-06','West Zack','Hungary'),(11,'','2015-09-05','South Gennaro','Montenegro'),(12,'','2011-12-24','North Betty','French Southern Territories'),(13,'','2018-04-07','Purdyberg','Kenya'),(14,'','2012-04-16','Ethelton','Slovenia'),(15,'','2014-07-18','East Roberta','China'),(16,'','2011-02-28','North Beverly','French Polynesia'),(17,'','2010-12-19','Edgarfurt','Benin'),(18,'','2011-05-20','West Conradmouth','Philippines'),(19,'','2014-09-09','East Scot','Timor-Leste'),(20,'','2015-05-13','North Cecile','Netherlands'),(21,'','2020-02-03','Lake Jonathon','Kiribati'),(22,'','2016-01-12','Amelieborough','Iceland'),(23,'','2019-12-08','East Verdieton','Bouvet Island (Bouvetoya)'),(24,'','2017-03-29','South Durwardburgh','Falkland Islands (Malvinas)'),(25,'','2016-07-10','South Agnes','Canada'),(26,'','2019-10-13','Gaylordside','Antigua and Barbuda'),(27,'','2010-11-18','Port Lornashire','Pitcairn Islands'),(28,'','2010-09-16','Anaisburgh','Honduras'),(29,'','2016-06-08','New Seth','Mauritania'),(30,'','2018-09-11','Ryanmouth','Gabon'),(31,'','2017-03-18','Lake Lemuel','Egypt'),(32,'','2017-10-27','East Providenciton','Sierra Leone'),(33,'','2012-05-09','New Darianaland','Mongolia'),(34,'','2017-06-05','Okunevaburgh','Netherlands Antilles'),(35,'','2010-12-10','Murazikburgh','Tonga'),(36,'','2017-05-08','Wittingstad','American Samoa'),(37,'','2019-06-16','North Simeonland','Samoa'),(38,'','2016-09-06','North Reneeton','Faroe Islands'),(39,'','2010-07-18','New Deefurt','Croatia'),(40,'','2014-05-08','Mitchelmouth','Nigeria'),(41,'','2015-09-09','East Zoilabury','Burkina Faso'),(42,'','2018-08-08','Loistown','Antarctica (the territory South of 60 deg S)'),(43,'','2016-05-09','North Christelle','Tunisia'),(44,'','2016-06-24','South Annabellton','Croatia'),(45,'','2017-08-14','Croninburgh','Nigeria'),(46,'','2018-07-27','North Elenora','Guam'),(47,'','2015-03-04','East Shaniefort','Senegal'),(48,'','2011-08-21','South Lenora','New Zealand'),(49,'','2015-04-18','Donniebury','South Africa'),(50,'','2014-12-06','Jailynstad','Mayotte'),(51,'','2019-10-30','South Xander','Philippines'),(52,'','2010-10-17','Harveyport','Guadeloupe'),(53,'','2013-02-03','Zackville','Samoa'),(54,'','2013-06-18','Port Brady','Angola'),(55,'','2018-09-27','West Dallin','Moldova'),(56,'','2019-05-24','Dachtown','Gambia'),(57,'','2012-06-02','Declanshire','Oman'),(58,'','2011-09-14','Bartellhaven','New Zealand'),(59,'','2015-01-25','Cooperborough','Paraguay'),(60,'','2012-07-09','Port Rachaelborough','Belgium'),(61,'','2016-02-21','East Broderickside','Central African Republic'),(62,'','2012-01-27','Lake Jovany','Heard Island and McDonald Islands'),(63,'','2018-05-19','Shieldsbury','Burkina Faso'),(64,'','2015-05-05','North Ernest','Comoros'),(65,'','2019-07-21','New Isaiah','Suriname'),(66,'','2014-04-19','Port Casper','Northern Mariana Islands'),(67,'','2010-05-02','Kiehnborough','Antigua and Barbuda'),(68,'','2015-01-28','East Kayley','Ghana'),(69,'','2017-08-15','Port Salvadortown','San Marino'),(70,'','2013-10-05','Jadenburgh','Bhutan'),(71,'','2011-09-14','East Hildafort','Israel'),(72,'','2017-09-30','Eulaton','Mayotte'),(73,'','2014-12-14','East Florida','Morocco'),(74,'','2012-04-08','Emilianoberg','Brunei Darussalam'),(75,'','2010-05-14','Ressiemouth','Belize'),(76,'','2011-03-30','West Allanville','Norway'),(77,'','2016-02-26','Ezequielstad','Cape Verde'),(78,'','2019-12-30','West Holly','New Zealand'),(79,'','2018-12-21','Hyattfurt','Gabon'),(80,'','2018-06-15','East Delta','Botswana'),(81,'','2014-08-14','Port Carrollton','Costa Rica'),(82,'','2018-08-30','Kalefurt','Norfolk Island'),(83,'','2012-01-20','Lake Raven','United Kingdom'),(84,'','2019-06-10','West Zack','Comoros'),(85,'','2011-01-27','East Paula','Greenland'),(86,'','2015-02-17','Schoenmouth','Wallis and Futuna'),(87,'','2013-09-05','Demarcoville','Yemen'),(88,'','2010-07-16','Sharonburgh','French Polynesia'),(89,'','2012-09-18','South Allison','Grenada'),(90,'','2013-08-05','North Eudora','Guam'),(91,'','2016-05-03','Rebecaport','Greece'),(92,'','2020-02-24','North Bethborough','Switzerland'),(93,'','2017-09-23','Hahnmouth','Chad'),(94,'','2014-02-28','Mayerbury','Svalbard & Jan Mayen Islands'),(95,'','2015-12-10','Dibbertside','Gabon'),(96,'','2017-01-31','Grahamshire','Holy See (Vatican City State)'),(97,'','2014-01-27','Caesarville','Antarctica (the territory South of 60 deg S)'),(98,'','2013-02-26','North Diamond','Timor-Leste'),(99,'','2018-06-29','East Sigrid','Indonesia'),(100,'','2014-11-22','Graycemouth','Palau');
/*!40000 ALTER TABLE `profiles` ENABLE KEYS */;
UNLOCK TABLES;

--
-- Table structure for table `users`
--

DROP TABLE IF EXISTS `users`;
/*!40101 SET @saved_cs_client     = @@character_set_client */;
/*!50503 SET character_set_client = utf8mb4 */;
CREATE TABLE `users` (
  `id` int unsigned NOT NULL AUTO_INCREMENT,
  `first_name` varchar(100) CHARACTER SET utf8 COLLATE utf8_unicode_ci NOT NULL,
  `last_name` varchar(100) CHARACTER SET utf8 COLLATE utf8_unicode_ci NOT NULL,
  `email` varchar(120) CHARACTER SET utf8 COLLATE utf8_unicode_ci NOT NULL,
  `phone` varchar(120) CHARACTER SET utf8 COLLATE utf8_unicode_ci NOT NULL,
  `created_at` datetime DEFAULT CURRENT_TIMESTAMP,
  `updated_at` datetime DEFAULT CURRENT_TIMESTAMP ON UPDATE CURRENT_TIMESTAMP,
  PRIMARY KEY (`id`),
  UNIQUE KEY `email` (`email`),
  UNIQUE KEY `phone` (`phone`)
) ENGINE=InnoDB AUTO_INCREMENT=101 DEFAULT CHARSET=utf8 COLLATE=utf8_unicode_ci;
/*!40101 SET character_set_client = @saved_cs_client */;

--
-- Dumping data for table `users`
--

LOCK TABLES `users` WRITE;
/*!40000 ALTER TABLE `users` DISABLE KEYS */;
INSERT INTO `users` VALUES (1,'Jerod','Quigley','keshaun.turner@example.org','07353472939','2020-02-21 23:16:41','2019-04-26 21:33:51'),(2,'Forrest','Paucek','nhintz@example.com','1-672-187-8854','2019-04-19 10:05:48','2020-02-06 12:38:59'),(3,'Lewis','Trantow','donnelly.pattie@example.net','345-237-7755x12931','2019-08-24 13:41:54','2019-07-17 23:22:05'),(4,'Easter','Schultz','fwolff@example.org','139.683.5566x9497','2019-03-15 20:25:37','2019-08-02 11:20:05'),(5,'Cortez','Ryan','chyna57@example.org','289-742-5926x134','2019-09-14 13:17:00','2019-09-11 14:37:22'),(6,'Olga','Powlowski','stanton.khalil@example.com','1-320-039-8621','2019-11-08 09:39:58','2019-12-29 18:57:13'),(7,'Leonor','Bergstrom','juwan.heller@example.com','440-969-3382','2019-10-06 10:50:11','2020-02-14 14:19:27'),(8,'Marianna','Robel','walsh.carolyn@example.org','+71(2)6411454886','2019-05-29 01:21:07','2019-08-01 00:41:23'),(9,'Pasquale','Hand','caltenwerth@example.com','1-002-128-4530x7461','2019-04-19 01:15:49','2019-12-18 01:06:31'),(10,'Delaney','Haag','sporer.jaycee@example.org','378.670.5335','2019-11-03 17:34:44','2020-02-09 16:09:30'),(11,'Krista','Borer','hweimann@example.net','852.175.0440x55959','2019-04-09 20:19:02','2019-07-16 16:00:25'),(12,'Oswald','Collier','luna.reynolds@example.net','891-041-2267','2020-01-24 05:13:52','2020-01-21 04:43:20'),(13,'Jaime','O\'Conner','streich.greg@example.org','00949298030','2019-12-26 04:12:55','2019-06-21 17:21:55'),(14,'Dock','Greenholt','rudy.lindgren@example.org','00424852799','2019-07-23 15:10:16','2019-12-23 00:08:04'),(15,'Daisy','McDermott','imuller@example.net','02118735210','2020-01-13 05:40:17','2020-02-06 06:01:47'),(16,'Betsy','Pfeffer','tamara.kemmer@example.com','1-192-423-3948x23087','2020-02-05 16:27:04','2019-04-13 11:18:27'),(17,'Samara','Mayer','bridget07@example.org','704-577-6594x76569','2019-09-17 07:51:55','2019-08-04 06:27:14'),(18,'Brook','Hilll','jalyn.shanahan@example.com','1-261-603-1410x971','2019-05-04 07:18:47','2019-11-03 10:02:07'),(19,'Madge','Rutherford','spfannerstill@example.org','(604)995-7702x694','2019-08-28 14:52:36','2020-01-23 19:17:17'),(20,'Lenny','Deckow','usenger@example.com','(814)344-4478x5629','2019-04-16 15:18:10','2019-09-07 06:28:21'),(21,'Nadia','Luettgen','schamberger.orlo@example.net','(113)665-8553','2019-08-14 22:21:01','2020-01-28 02:42:40'),(22,'Koby','Heathcote','qmosciski@example.org','+62(2)7585825563','2020-02-06 19:08:09','2019-05-31 00:45:50'),(23,'Boris','Gleichner','ndouglas@example.net','(777)043-8720x3265','2019-09-02 19:55:45','2019-05-26 10:06:17'),(24,'Mina','Senger','lennie59@example.net','(055)861-7574','2019-03-15 04:55:21','2019-05-05 12:17:14'),(25,'Hazel','Kassulke','kobe67@example.com','(676)236-0215x371','2020-01-02 15:46:04','2019-11-16 17:09:07'),(26,'Cloyd','Berge','riley.bechtelar@example.com','1-519-681-9732x640','2020-02-28 17:29:43','2019-06-18 05:56:27'),(27,'Laney','Veum','gabernathy@example.net','(326)307-2313x690','2019-04-21 01:33:48','2019-09-12 01:43:11'),(28,'Cleta','Tremblay','esta.waelchi@example.net','+07(5)9810176153','2019-12-11 09:15:03','2019-10-25 13:09:33'),(29,'Name','Cremin','johnston.vickie@example.com','1-513-434-7357x615','2019-10-21 15:15:31','2019-09-19 17:01:33'),(30,'Arno','Franecki','oceane23@example.net','551-050-7032x39327','2019-12-20 04:55:05','2019-04-15 15:00:45'),(31,'Wilton','Farrell','cfeest@example.org','1-055-793-0380','2019-09-16 08:50:23','2020-02-27 11:04:45'),(32,'Madonna','Larkin','connelly.rosetta@example.org','+56(4)8647014339','2019-07-12 12:56:30','2019-09-08 08:07:34'),(33,'Ansel','Klocko','keanu.jenkins@example.org','08403066756','2019-03-24 15:02:25','2019-07-03 13:29:45'),(34,'Minerva','Von','conner67@example.com','187-303-0644x6077','2019-09-10 06:30:38','2019-09-26 17:09:28'),(35,'Morgan','Brown','bednar.vanessa@example.org','(056)045-3087x80782','2020-02-24 00:51:09','2019-10-11 20:23:44'),(36,'Cali','Hane','fabiola.becker@example.net','678-285-6503','2020-02-17 00:25:28','2019-03-28 00:41:10'),(37,'Brigitte','Windler','bshanahan@example.org','295.728.2858','2019-08-23 16:27:50','2019-11-11 18:30:11'),(38,'Alva','Russel','sveum@example.org','428.484.0921x572','2019-03-31 03:12:02','2019-06-02 12:07:03'),(39,'Gladyce','Emard','runte.jovani@example.net','(126)407-7289','2019-04-11 16:26:31','2019-06-23 14:06:44'),(40,'Maiya','Windler','mann.moses@example.net','(995)773-3455','2019-03-22 18:27:34','2019-05-07 16:46:32'),(41,'Alford','Gutkowski','umaggio@example.org','410-210-1514','2019-08-20 00:22:28','2020-02-12 06:45:32'),(42,'Bradley','Cormier','amparo.blick@example.net','695.993.4556','2019-06-11 08:05:20','2019-10-19 01:01:15'),(43,'Nathen','Hoppe','dannie30@example.net','207-894-9137','2019-11-04 05:01:35','2019-10-15 03:08:38'),(44,'Alan','Sipes','satterfield.rosella@example.com','1-718-818-4245x9223','2020-02-26 22:23:36','2019-03-13 16:45:55'),(45,'Annabel','Gleichner','omuller@example.com','152-397-4273x2761','2019-07-29 15:30:57','2019-10-05 04:03:38'),(46,'Verna','Keeling','asa.steuber@example.org','898.990.4910x76041','2019-12-21 09:11:59','2020-02-05 13:51:02'),(47,'Dawn','Bosco','mills.gracie@example.com','216.628.0260','2019-12-22 03:30:37','2019-03-29 05:44:44'),(48,'Hector','Keeling','ujohnson@example.com','1-689-455-8195x4383','2019-07-08 18:52:37','2019-10-11 12:58:16'),(49,'Jessika','Stiedemann','gaylord54@example.org','191.878.8635','2019-12-17 08:45:42','2019-12-03 11:24:40'),(50,'Virginia','Murphy','oreichert@example.org','1-941-620-2214x922','2020-02-07 05:59:32','2019-05-09 16:58:29'),(51,'Kole','Senger','prohaska.lysanne@example.org','233-102-3065','2019-11-29 05:03:39','2019-10-28 18:40:03'),(52,'Selina','D\'Amore','jerde.armand@example.org','1-118-601-7098','2019-06-04 08:46:32','2019-03-21 21:18:58'),(53,'Margot','Bauch','anabel49@example.org','1-615-211-0461x022','2019-03-21 04:24:50','2019-06-16 10:24:48'),(54,'Antonina','Lehner','dwaters@example.net','019.369.9876x730','2019-03-13 20:42:48','2019-07-13 20:08:05'),(55,'Melvin','Buckridge','madeline24@example.org','06078978705','2019-05-05 16:48:12','2019-09-26 22:53:05'),(56,'Shea','McKenzie','christa91@example.org','06612833474','2020-01-15 14:11:50','2019-08-28 16:44:43'),(57,'Clarabelle','Ledner','eemmerich@example.net','073-519-4958x2605','2020-02-03 03:12:12','2019-03-31 20:57:07'),(58,'Lilla','Hettinger','pkuhn@example.org','1-007-693-5881x805','2019-11-26 12:06:39','2019-07-27 06:02:04'),(59,'Myrtis','Conn','schneider.albin@example.net','(832)071-7931x43071','2020-01-11 21:25:36','2019-06-14 15:41:22'),(60,'Ike','Cartwright','june11@example.com','952-690-3634x1879','2019-06-13 12:59:30','2020-01-12 19:22:33'),(61,'Claude','Tremblay','lydia.quigley@example.org','1-729-931-9490x35257','2019-09-18 19:23:48','2019-08-13 17:57:23'),(62,'Vida','Stoltenberg','leopoldo64@example.com','682.614.3228','2019-10-07 13:11:20','2019-10-04 19:01:11'),(63,'Vida','Dooley','collier.jazmyne@example.org','333-758-3387','2019-03-04 21:00:01','2019-03-11 16:04:47'),(64,'Kaitlyn','Kunde','retha.gorczany@example.net','(331)217-8411','2019-06-11 15:32:32','2019-10-18 07:31:48'),(65,'Tatyana','Kris','selmer.feest@example.net','1-872-921-6117','2020-02-08 10:58:01','2019-12-03 20:20:59'),(66,'Michelle','Baumbach','aconnelly@example.com','613-407-0716','2019-10-26 09:53:05','2019-06-22 11:25:58'),(67,'Willie','Murazik','bailey.jayda@example.net','+54(1)7146779897','2019-03-28 02:49:07','2019-07-11 03:24:27'),(68,'Jimmy','Sporer','quinten.reynolds@example.com','471.018.9648x1125','2019-10-28 15:51:05','2019-09-23 00:42:25'),(69,'Rashad','Boyer','zakary.marquardt@example.net','1-410-983-3009','2020-01-29 12:25:11','2019-11-07 22:16:37'),(70,'Vada','Leannon','tobin90@example.net','+68(9)0058010246','2019-06-14 13:38:04','2019-07-26 18:24:39'),(71,'Yazmin','Keeling','rath.adan@example.net','01867470695','2020-02-18 12:08:16','2019-03-06 20:02:20'),(72,'Dorian','Cormier','rowe.xander@example.org','02926491897','2019-06-24 04:00:22','2019-08-11 04:54:24'),(73,'Randall','Fadel','trycia.connelly@example.com','1-707-273-7985','2019-05-03 01:16:28','2019-04-07 16:02:39'),(74,'Fiona','Kohler','upton.ashly@example.net','074.198.5814x44097','2019-07-12 15:08:24','2019-05-20 12:04:08'),(75,'Jazmyn','Hills','pweissnat@example.net','1-436-262-4337x544','2019-12-08 19:36:45','2019-03-19 01:11:57'),(76,'Donato','Shields','goyette.alysa@example.com','482-924-5322x823','2019-04-06 06:09:51','2020-02-03 20:37:28'),(77,'Anastasia','Homenick','sjohns@example.net','1-963-868-2262x2449','2019-12-18 09:40:38','2019-05-02 13:07:50'),(78,'Arianna','Price','holly71@example.com','1-207-367-2341x7848','2020-01-15 10:35:18','2019-10-31 15:35:16'),(79,'Geovanny','Bruen','spinka.anita@example.org','(261)714-7853x8457','2019-09-30 20:00:45','2019-12-23 13:01:39'),(80,'Isac','Bashirian','xupton@example.net','668-540-6251','2019-04-28 15:26:52','2020-01-20 14:57:09'),(81,'Assunta','Zieme','louie.gulgowski@example.org','1-366-514-3267x177','2019-05-23 15:45:32','2019-04-20 23:54:52'),(82,'Gisselle','Volkman','mac.sauer@example.org','02797613846','2020-01-05 01:08:42','2019-12-30 04:42:51'),(83,'Kendall','Effertz','berge.alessandra@example.net','1-523-053-5730x965','2019-10-03 14:07:46','2019-11-14 12:13:45'),(84,'Lula','Jerde','stan.hagenes@example.org','099-012-1912','2019-04-30 01:33:26','2019-05-22 08:13:22'),(85,'Carolina','Zemlak','koch.monroe@example.org','1-403-177-6966x046','2019-11-13 19:46:07','2019-05-26 05:20:17'),(86,'Jordon','Jacobson','hettie22@example.net','325.257.1229x61942','2019-09-12 16:08:47','2019-07-12 14:42:56'),(87,'Bridget','Kihn','elisa.schroeder@example.org','(251)810-9125x6565','2019-11-19 22:17:42','2019-04-04 23:52:41'),(88,'Amy','Runte','bashirian.katarina@example.org','660-151-0523','2019-11-06 04:13:23','2019-03-01 22:59:19'),(89,'Lazaro','McDermott','pcremin@example.com','1-321-146-9215x234','2019-09-06 01:47:08','2019-12-02 02:51:04'),(90,'Dewayne','Fisher','danielle37@example.org','(774)100-2811x363','2020-01-28 22:58:02','2019-10-15 09:49:35'),(91,'Gilbert','Langworth','palma15@example.org','021.240.1791','2019-05-08 01:38:37','2019-10-18 00:46:51'),(92,'April','McGlynn','pauline34@example.com','859-990-9675','2019-04-09 00:19:01','2019-08-02 08:52:44'),(93,'Shaniya','Spencer','ukuphal@example.org','1-120-234-8120','2020-01-21 01:05:59','2019-10-29 23:34:00'),(94,'Beth','Bruen','torphy.rozella@example.org','453-614-4374x204','2020-01-11 09:12:14','2019-06-30 13:27:51'),(95,'Meagan','Hansen','lenora74@example.com','739.087.3789x9410','2019-06-05 01:26:06','2019-03-11 06:35:57'),(96,'Theodora','Rosenbaum','o\'keefe.jarrett@example.com','832-801-1912x9895','2020-01-24 10:56:52','2019-03-24 11:01:33'),(97,'Concepcion','Kunze','jacobi.monserrat@example.org','1-757-356-9904x30134','2019-12-18 06:55:12','2019-12-26 09:45:54'),(98,'Sven','Dach','bernhard.reymundo@example.net','188-057-9176x88212','2019-10-15 07:53:11','2019-05-15 21:28:18'),(99,'Burley','Nicolas','io\'keefe@example.com','858-916-5658x62488','2019-04-01 05:43:16','2019-11-16 17:08:09'),(100,'Amalia','Glover','balistreri.sheridan@example.com','+38(0)6590598889','2019-04-14 17:57:12','2019-10-21 01:15:31');
/*!40000 ALTER TABLE `users` ENABLE KEYS */;
UNLOCK TABLES;
/*!40103 SET TIME_ZONE=@OLD_TIME_ZONE */;

/*!40101 SET SQL_MODE=@OLD_SQL_MODE */;
/*!40014 SET FOREIGN_KEY_CHECKS=@OLD_FOREIGN_KEY_CHECKS */;
/*!40014 SET UNIQUE_CHECKS=@OLD_UNIQUE_CHECKS */;
/*!40101 SET CHARACTER_SET_CLIENT=@OLD_CHARACTER_SET_CLIENT */;
/*!40101 SET CHARACTER_SET_RESULTS=@OLD_CHARACTER_SET_RESULTS */;
/*!40101 SET COLLATION_CONNECTION=@OLD_COLLATION_CONNECTION */;
/*!40111 SET SQL_NOTES=@OLD_SQL_NOTES */;

-- Dump completed on 2020-02-29 18:27:10
