-- MySQL dump 10.13  Distrib 8.0.19, for Win64 (x86_64)
--
-- Host: localhost    Database: vk_hw_lesson4
-- ------------------------------------------------------
-- Server version	8.0.19

/*!40101 SET @OLD_CHARACTER_SET_CLIENT=@@CHARACTER_SET_CLIENT */;
/*!40101 SET @OLD_CHARACTER_SET_RESULTS=@@CHARACTER_SET_RESULTS */;
/*!40101 SET @OLD_COLLATION_CONNECTION=@@COLLATION_CONNECTION */;
/*!50503 SET NAMES utf8mb4 */;
/*!40103 SET @OLD_TIME_ZONE=@@TIME_ZONE */;
/*!40103 SET TIME_ZONE='+00:00' */;
/*!40014 SET @OLD_UNIQUE_CHECKS=@@UNIQUE_CHECKS, UNIQUE_CHECKS=0 */;
/*!40014 SET @OLD_FOREIGN_KEY_CHECKS=@@FOREIGN_KEY_CHECKS, FOREIGN_KEY_CHECKS=0 */;
/*!40101 SET @OLD_SQL_MODE=@@SQL_MODE, SQL_MODE='NO_AUTO_VALUE_ON_ZERO' */;
/*!40111 SET @OLD_SQL_NOTES=@@SQL_NOTES, SQL_NOTES=0 */;

--
-- Table structure for table `communities`
--

DROP TABLE IF EXISTS `communities`;
/*!40101 SET @saved_cs_client     = @@character_set_client */;
/*!50503 SET character_set_client = utf8mb4 */;
CREATE TABLE `communities` (
  `id` int unsigned NOT NULL AUTO_INCREMENT,
  `name` varchar(150) CHARACTER SET utf8 COLLATE utf8_unicode_ci NOT NULL,
  `description` text COLLATE utf8_unicode_ci,
  PRIMARY KEY (`id`),
  UNIQUE KEY `name` (`name`)
) ENGINE=InnoDB AUTO_INCREMENT=21 DEFAULT CHARSET=utf8 COLLATE=utf8_unicode_ci;
/*!40101 SET character_set_client = @saved_cs_client */;

--
-- Dumping data for table `communities`
--

LOCK TABLES `communities` WRITE;
/*!40000 ALTER TABLE `communities` DISABLE KEYS */;
INSERT INTO `communities` VALUES (1,'sed',NULL),(2,'doloremque',NULL),(3,'dolores',NULL),(4,'saepe',NULL),(5,'temporibus',NULL),(6,'veniam',NULL),(7,'ad',NULL),(8,'qui',NULL),(9,'aperiam',NULL),(10,'et',NULL),(11,'aut',NULL),(12,'velit',NULL),(13,'esse',NULL),(14,'reprehenderit',NULL),(15,'atque',NULL),(16,'quam',NULL),(17,'est',NULL),(18,'veritatis',NULL),(19,'nesciunt',NULL),(20,'rerum',NULL);
/*!40000 ALTER TABLE `communities` ENABLE KEYS */;
UNLOCK TABLES;

--
-- Table structure for table `communities_users`
--

DROP TABLE IF EXISTS `communities_users`;
/*!40101 SET @saved_cs_client     = @@character_set_client */;
/*!50503 SET character_set_client = utf8mb4 */;
CREATE TABLE `communities_users` (
  `community_id` int unsigned NOT NULL,
  `user_id` int unsigned NOT NULL,
  `is_admin` tinyint(1) DEFAULT NULL,
  `is_moderator` tinyint(1) DEFAULT NULL,
  PRIMARY KEY (`community_id`,`user_id`)
) ENGINE=InnoDB DEFAULT CHARSET=utf8 COLLATE=utf8_unicode_ci;
/*!40101 SET character_set_client = @saved_cs_client */;

--
-- Dumping data for table `communities_users`
--

LOCK TABLES `communities_users` WRITE;
/*!40000 ALTER TABLE `communities_users` DISABLE KEYS */;
INSERT INTO `communities_users` VALUES (1,1,NULL,NULL),(1,21,NULL,NULL),(1,41,NULL,NULL),(1,61,NULL,NULL),(1,81,NULL,NULL),(2,2,NULL,NULL),(2,22,NULL,NULL),(2,42,NULL,NULL),(2,62,NULL,NULL),(2,82,NULL,NULL),(3,3,NULL,NULL),(3,23,NULL,NULL),(3,43,NULL,NULL),(3,63,NULL,NULL),(3,83,NULL,NULL),(4,4,NULL,NULL),(4,24,NULL,NULL),(4,44,NULL,NULL),(4,64,NULL,NULL),(4,84,NULL,NULL),(5,5,NULL,NULL),(5,25,NULL,NULL),(5,45,NULL,NULL),(5,65,NULL,NULL),(5,85,NULL,NULL),(6,6,NULL,NULL),(6,26,NULL,NULL),(6,46,NULL,NULL),(6,66,NULL,NULL),(6,86,NULL,NULL),(7,7,NULL,NULL),(7,27,NULL,NULL),(7,47,NULL,NULL),(7,67,NULL,NULL),(7,87,NULL,NULL),(8,8,NULL,NULL),(8,28,NULL,NULL),(8,48,NULL,NULL),(8,68,NULL,NULL),(8,88,NULL,NULL),(9,9,NULL,NULL),(9,29,NULL,NULL),(9,49,NULL,NULL),(9,69,NULL,NULL),(9,89,NULL,NULL),(10,10,NULL,NULL),(10,30,NULL,NULL),(10,50,NULL,NULL),(10,70,NULL,NULL),(10,90,NULL,NULL),(11,11,NULL,NULL),(11,31,NULL,NULL),(11,51,NULL,NULL),(11,71,NULL,NULL),(11,91,NULL,NULL),(12,12,NULL,NULL),(12,32,NULL,NULL),(12,52,NULL,NULL),(12,72,NULL,NULL),(12,92,NULL,NULL),(13,13,NULL,NULL),(13,33,NULL,NULL),(13,53,NULL,NULL),(13,73,NULL,NULL),(13,93,NULL,NULL),(14,14,NULL,NULL),(14,34,NULL,NULL),(14,54,NULL,NULL),(14,74,NULL,NULL),(14,94,NULL,NULL),(15,15,NULL,NULL),(15,35,NULL,NULL),(15,55,NULL,NULL),(15,75,NULL,NULL),(15,95,NULL,NULL),(16,16,NULL,NULL),(16,36,NULL,NULL),(16,56,NULL,NULL),(16,76,NULL,NULL),(16,96,NULL,NULL),(17,17,NULL,NULL),(17,37,NULL,NULL),(17,57,NULL,NULL),(17,77,NULL,NULL),(17,97,NULL,NULL),(18,18,NULL,NULL),(18,38,NULL,NULL),(18,58,NULL,NULL),(18,78,NULL,NULL),(18,98,NULL,NULL),(19,19,NULL,NULL),(19,39,NULL,NULL),(19,59,NULL,NULL),(19,79,NULL,NULL),(19,99,NULL,NULL),(20,20,NULL,NULL),(20,40,NULL,NULL),(20,60,NULL,NULL),(20,80,NULL,NULL),(20,100,NULL,NULL);
/*!40000 ALTER TABLE `communities_users` ENABLE KEYS */;
UNLOCK TABLES;

--
-- Table structure for table `friendship`
--

DROP TABLE IF EXISTS `friendship`;
/*!40101 SET @saved_cs_client     = @@character_set_client */;
/*!50503 SET character_set_client = utf8mb4 */;
CREATE TABLE `friendship` (
  `user_id` int unsigned NOT NULL,
  `friend_id` int unsigned NOT NULL,
  `status_id` int unsigned NOT NULL,
  `requested_at` datetime DEFAULT CURRENT_TIMESTAMP,
  `confirmed_at` datetime DEFAULT NULL,
  PRIMARY KEY (`user_id`,`friend_id`)
) ENGINE=InnoDB DEFAULT CHARSET=utf8 COLLATE=utf8_unicode_ci;
/*!40101 SET character_set_client = @saved_cs_client */;

--
-- Dumping data for table `friendship`
--

LOCK TABLES `friendship` WRITE;
/*!40000 ALTER TABLE `friendship` DISABLE KEYS */;
INSERT INTO `friendship` VALUES (1,17,2,'2018-03-05 00:25:55','2020-03-10 08:21:48'),(1,49,2,'2020-02-01 02:50:07','2020-03-10 08:21:48'),(2,10,1,'2019-01-01 04:29:32','2020-03-10 08:21:48'),(3,16,2,'2015-04-17 22:55:37','2018-10-22 11:42:45'),(4,62,2,'2014-07-07 15:45:36','2020-03-10 08:21:48'),(4,93,1,'2011-04-04 01:54:48','2016-01-21 08:14:12'),(6,10,1,'2011-02-18 03:30:31','2014-01-04 10:28:13'),(7,91,1,'2014-07-01 11:02:42','2017-10-30 01:27:38'),(11,48,2,'2015-07-13 01:12:53','2020-03-10 08:21:48'),(11,67,2,'2018-12-12 04:40:12','2020-03-10 08:21:48'),(11,69,2,'2012-07-14 22:06:48','2013-02-23 17:23:42'),(13,84,1,'2012-06-18 01:34:35','2016-05-01 17:56:18'),(14,43,2,'2013-05-06 01:49:07','2014-11-14 13:21:44'),(19,83,3,'2014-01-17 04:38:51','2015-06-17 10:01:16'),(19,96,1,'2013-12-10 00:20:47','2019-01-05 18:51:09'),(20,84,3,'2018-09-01 05:02:35','2020-03-10 08:21:48'),(20,85,2,'2014-08-16 22:04:16','2014-12-01 12:02:42'),(24,30,2,'2017-07-11 12:59:57','2018-11-26 18:07:44'),(25,75,2,'2019-11-10 16:27:44','2020-03-10 08:21:48'),(26,67,1,'2012-12-12 12:58:32','2017-12-01 18:25:00'),(27,88,3,'2019-01-09 21:29:14','2020-03-10 08:21:48'),(29,18,3,'2013-08-15 09:48:51','2020-03-10 08:21:48'),(29,51,2,'2014-05-10 07:10:25','2018-10-18 20:13:35'),(30,18,1,'2017-09-19 14:39:13','2020-03-10 08:21:48'),(32,3,2,'2010-03-16 03:59:21','2018-03-22 07:36:15'),(32,73,1,'2015-07-07 12:41:56','2020-03-10 08:21:48'),(32,85,2,'2014-10-05 18:15:27','2020-03-10 08:21:48'),(35,34,3,'2018-09-07 05:29:06','2019-06-17 12:59:57'),(37,37,1,'2013-02-12 00:58:21','2016-12-18 00:56:12'),(37,72,3,'2010-12-06 02:18:41','2012-06-18 08:33:39'),(39,15,2,'2010-10-28 12:17:17','2019-11-29 06:45:06'),(41,42,3,'2014-06-15 15:51:08','2015-10-13 20:21:29'),(41,57,1,'2016-05-08 13:25:32','2020-03-10 08:21:48'),(41,76,3,'2015-03-11 13:48:46','2019-10-18 06:56:56'),(42,8,1,'2013-01-28 06:55:25','2020-01-19 13:56:18'),(42,37,3,'2016-04-02 05:47:20','2016-08-17 13:21:38'),(43,79,3,'2015-04-20 06:18:42','2020-03-10 08:21:48'),(44,65,1,'2015-09-07 09:36:54','2020-02-19 18:59:11'),(48,25,2,'2019-02-24 03:07:05','2020-03-10 08:21:48'),(50,37,3,'2020-02-27 05:57:06','2020-03-10 08:21:48'),(51,94,2,'2018-02-14 23:46:14','2020-03-10 08:21:48'),(55,11,1,'2018-09-01 21:22:36','2020-03-10 08:21:48'),(55,95,3,'2018-10-14 08:42:00','2020-03-10 08:21:48'),(56,52,3,'2012-01-26 04:17:20','2014-10-15 12:07:45'),(56,75,2,'2014-11-08 11:06:55','2020-02-03 15:36:57'),(57,38,3,'2015-04-09 07:31:18','2020-03-10 08:21:48'),(57,53,1,'2012-01-23 18:53:57','2020-03-10 08:21:48'),(58,89,3,'2016-01-19 13:20:17','2017-10-26 11:58:04'),(59,48,2,'2011-05-20 07:38:52','2013-09-28 16:36:22'),(59,51,3,'2013-06-08 21:27:22','2019-08-18 07:27:02'),(59,83,3,'2012-02-03 20:51:05','2015-06-20 02:50:22'),(61,33,2,'2014-01-03 19:03:51','2019-02-27 09:10:04'),(64,16,1,'2013-05-15 12:46:02','2014-07-06 17:52:12'),(64,36,1,'2010-12-23 21:03:25','2018-03-07 19:52:42'),(64,64,2,'2017-01-02 07:22:03','2020-03-10 08:21:48'),(65,41,3,'2012-05-22 15:47:35','2018-12-06 16:42:17'),(65,87,2,'2010-05-10 10:52:16','2010-11-08 09:31:15'),(66,11,2,'2017-11-20 16:40:58','2020-03-10 08:21:48'),(68,77,2,'2012-07-20 15:07:23','2018-07-08 20:11:35'),(70,81,1,'2014-02-05 12:16:03','2016-11-05 10:14:13'),(70,95,1,'2011-02-19 18:28:22','2017-04-01 06:45:05'),(71,21,2,'2016-09-22 19:18:05','2020-03-10 08:21:48'),(71,38,1,'2011-01-13 20:00:10','2015-03-04 19:23:52'),(71,77,3,'2013-04-01 17:47:15','2017-09-21 00:30:17'),(72,9,3,'2019-01-10 23:14:23','2020-03-10 08:21:48'),(72,29,2,'2014-01-26 19:25:48','2014-06-29 07:50:44'),(72,59,2,'2018-02-02 00:02:13','2020-03-10 08:21:48'),(74,36,2,'2011-09-05 20:49:55','2018-11-27 16:08:21'),(74,59,3,'2015-05-24 03:14:15','2019-01-25 13:32:35'),(75,60,2,'2018-05-11 07:02:32','2019-11-06 19:38:14'),(76,67,3,'2013-11-10 09:50:18','2020-03-10 08:21:48'),(76,100,1,'2017-09-28 09:56:01','2020-03-10 08:21:48'),(78,14,1,'2012-07-16 01:07:28','2020-03-10 08:21:48'),(78,37,1,'2019-09-03 00:27:28','2020-03-10 08:21:48'),(79,5,3,'2015-11-03 11:10:17','2016-07-24 06:05:38'),(79,21,3,'2010-05-21 21:16:26','2016-10-01 11:34:18'),(80,48,2,'2011-01-28 08:37:31','2015-04-30 23:51:28'),(80,67,1,'2017-04-21 16:41:45','2017-08-19 13:40:12'),(80,72,1,'2018-09-01 18:19:05','2020-03-10 08:21:48'),(81,54,3,'2016-04-10 16:27:07','2020-03-10 08:21:48'),(84,21,2,'2017-11-25 13:28:23','2020-03-10 08:21:48'),(85,10,3,'2018-04-05 04:10:53','2020-03-10 08:21:48'),(85,16,3,'2016-05-01 22:25:15','2020-03-10 08:21:48'),(86,6,2,'2012-01-23 10:10:56','2018-12-23 21:50:16'),(87,60,2,'2017-01-31 23:08:23','2018-08-16 11:42:32'),(88,9,2,'2011-04-13 03:26:35','2020-03-10 08:21:48'),(88,11,2,'2012-03-24 10:57:52','2016-05-06 19:07:36'),(89,96,1,'2011-09-22 22:12:57','2013-05-04 20:24:21'),(90,92,1,'2010-06-27 20:44:56','2020-02-12 12:40:43'),(92,84,2,'2011-06-22 21:19:07','2016-07-20 18:09:18'),(93,25,3,'2013-01-10 23:51:20','2018-08-12 22:54:01'),(93,29,2,'2012-01-22 08:14:03','2014-07-14 19:57:29'),(93,35,3,'2011-08-24 00:57:17','2018-05-28 10:55:11'),(93,71,2,'2017-07-12 20:27:24','2020-03-10 08:21:48'),(93,100,3,'2013-11-22 11:53:08','2013-12-08 00:09:48'),(94,11,1,'2012-11-18 03:06:46','2018-09-18 04:41:11'),(96,75,2,'2016-07-22 09:07:04','2019-05-10 05:23:16'),(97,83,2,'2011-07-08 21:45:33','2013-09-16 09:05:10'),(99,68,3,'2012-10-07 09:23:30','2019-12-17 03:21:56'),(100,58,1,'2010-10-31 20:56:58','2012-06-21 23:52:51');
/*!40000 ALTER TABLE `friendship` ENABLE KEYS */;
UNLOCK TABLES;

--
-- Table structure for table `friendship_statuses`
--

DROP TABLE IF EXISTS `friendship_statuses`;
/*!40101 SET @saved_cs_client     = @@character_set_client */;
/*!50503 SET character_set_client = utf8mb4 */;
CREATE TABLE `friendship_statuses` (
  `id` int unsigned NOT NULL AUTO_INCREMENT,
  `name` varchar(150) CHARACTER SET utf8 COLLATE utf8_unicode_ci NOT NULL,
  PRIMARY KEY (`id`),
  UNIQUE KEY `name` (`name`)
) ENGINE=InnoDB AUTO_INCREMENT=4 DEFAULT CHARSET=utf8 COLLATE=utf8_unicode_ci;
/*!40101 SET character_set_client = @saved_cs_client */;

--
-- Dumping data for table `friendship_statuses`
--

LOCK TABLES `friendship_statuses` WRITE;
/*!40000 ALTER TABLE `friendship_statuses` DISABLE KEYS */;
INSERT INTO `friendship_statuses` VALUES (3,'confirmed'),(2,'rejected'),(1,'requested');
/*!40000 ALTER TABLE `friendship_statuses` ENABLE KEYS */;
UNLOCK TABLES;

--
-- Table structure for table `media`
--

DROP TABLE IF EXISTS `media`;
/*!40101 SET @saved_cs_client     = @@character_set_client */;
/*!50503 SET character_set_client = utf8mb4 */;
CREATE TABLE `media` (
  `id` int unsigned NOT NULL AUTO_INCREMENT,
  `media_type_id` int unsigned NOT NULL,
  `user_id` int unsigned NOT NULL,
  `community_id` int unsigned DEFAULT NULL,
  `filename` varchar(255) CHARACTER SET utf8 COLLATE utf8_unicode_ci NOT NULL,
  `size` int unsigned DEFAULT NULL,
  `metadata` json DEFAULT NULL,
  `created_at` datetime DEFAULT CURRENT_TIMESTAMP,
  `updated_at` datetime DEFAULT CURRENT_TIMESTAMP ON UPDATE CURRENT_TIMESTAMP,
  PRIMARY KEY (`id`)
) ENGINE=InnoDB AUTO_INCREMENT=101 DEFAULT CHARSET=utf8 COLLATE=utf8_unicode_ci;
/*!40101 SET character_set_client = @saved_cs_client */;

--
-- Dumping data for table `media`
--

LOCK TABLES `media` WRITE;
/*!40000 ALTER TABLE `media` DISABLE KEYS */;
INSERT INTO `media` VALUES (1,1,53,9,'http://predovic.com/197',527441,'{\"owner\": \"Margot Bauch\"}','1974-03-04 21:42:30','2020-03-10 08:35:22'),(2,2,59,NULL,'http://grant.com/735',271225,'{\"owner\": \"Myrtis Conn\"}','2019-03-25 08:44:40','2020-03-10 08:19:39'),(3,3,37,16,'http://lockman.com/85',763801,'{\"owner\": \"Brigitte Windler\"}','2002-11-14 09:39:52','2020-03-10 08:35:22'),(4,1,5,NULL,'http://www.goyetteberge.com/221',995331,'{\"owner\": \"Cortez Ryan\"}','2002-01-18 19:11:55','2020-03-10 08:19:39'),(5,2,15,13,'http://dubuque.org/846',675252,'{\"owner\": \"Daisy McDermott\"}','1978-10-14 22:31:55','2020-03-10 08:35:22'),(6,3,61,NULL,'http://hermistonstark.com/567',380267,'{\"owner\": \"Claude Tremblay\"}','1995-11-20 14:06:43','2020-03-10 08:19:39'),(7,1,58,15,'http://kohler.info/297',865579,'{\"owner\": \"Lilla Hettinger\"}','1972-04-27 00:24:51','2020-03-10 08:35:22'),(8,2,5,NULL,'http://bailey.org/784',177093,'{\"owner\": \"Cortez Ryan\"}','2004-03-05 19:41:28','2020-03-10 08:19:39'),(9,3,53,18,'http://gibson.info/30',278732,'{\"owner\": \"Margot Bauch\"}','1976-06-14 02:02:20','2020-03-10 08:35:22'),(10,1,50,NULL,'http://www.emmerichdurgan.org/797',852381,'{\"owner\": \"Virginia Murphy\"}','2004-09-15 06:45:02','2020-03-10 08:19:39'),(11,2,91,2,'http://www.hahn.com/894',415711,'{\"owner\": \"Gilbert Langworth\"}','1989-12-08 13:22:07','2020-03-10 08:35:22'),(12,3,2,NULL,'http://www.cormier.org/79',511411,'{\"owner\": \"Forrest Paucek\"}','2007-01-26 17:57:07','2020-03-10 08:19:39'),(13,1,36,15,'http://kilback.org/712',299921,'{\"owner\": \"Cali Hane\"}','1977-12-02 07:41:02','2020-03-10 08:35:22'),(14,2,77,NULL,'http://www.hirtheflatley.com/325',955372,'{\"owner\": \"Anastasia Homenick\"}','2018-11-03 22:35:29','2020-03-10 08:19:39'),(15,3,73,8,'http://gleason.org/485',867098,'{\"owner\": \"Randall Fadel\"}','2003-10-19 15:11:22','2020-03-10 08:35:22'),(16,1,35,NULL,'http://www.marvinlemke.info/450',459376,'{\"owner\": \"Morgan Brown\"}','1999-09-08 21:52:58','2020-03-10 08:19:39'),(17,2,54,14,'http://www.goyettewest.com/796',685586,'{\"owner\": \"Antonina Lehner\"}','1981-09-28 09:48:51','2020-03-10 08:35:22'),(18,3,66,NULL,'http://www.moore.com/628',39801,'{\"owner\": \"Michelle Baumbach\"}','2008-12-25 03:07:50','2020-03-10 08:19:39'),(19,1,66,5,'http://kreiger.com/753',132247,'{\"owner\": \"Michelle Baumbach\"}','1976-12-10 23:27:14','2020-03-10 08:35:22'),(20,2,34,NULL,'http://www.durgan.info/881',531835,'{\"owner\": \"Minerva Von\"}','2019-11-03 18:14:01','2020-03-10 08:19:39'),(21,3,69,3,'http://mullerweber.com/143',252433,'{\"owner\": \"Rashad Boyer\"}','1981-09-25 01:53:31','2020-03-10 08:35:22'),(22,1,44,NULL,'http://www.whitebins.net/72',656662,'{\"owner\": \"Alan Sipes\"}','2015-06-26 01:51:23','2020-03-10 08:19:39'),(23,2,12,20,'http://leffler.com/929',516013,'{\"owner\": \"Oswald Collier\"}','1982-03-13 04:49:44','2020-03-10 08:35:22'),(24,3,28,NULL,'http://monahan.com/431',600077,'{\"owner\": \"Cleta Tremblay\"}','2002-02-28 22:39:42','2020-03-10 08:19:39'),(25,1,2,10,'http://www.jakubowskifeeney.com/369',442349,'{\"owner\": \"Forrest Paucek\"}','2012-10-02 00:31:27','2020-03-10 08:35:22'),(26,2,28,NULL,'http://www.mayer.com/548',401512,'{\"owner\": \"Cleta Tremblay\"}','1997-06-02 21:02:52','2020-03-10 08:19:39'),(27,3,34,12,'http://www.nolan.com/635',670515,'{\"owner\": \"Minerva Von\"}','1981-02-14 09:31:12','2020-03-10 08:35:22'),(28,1,85,NULL,'http://www.moen.com/530',138039,'{\"owner\": \"Carolina Zemlak\"}','2009-06-21 12:01:16','2020-03-10 08:19:39'),(29,2,20,7,'http://www.stracke.com/746',668652,'{\"owner\": \"Lenny Deckow\"}','1998-12-09 11:40:52','2020-03-10 08:35:22'),(30,3,48,NULL,'http://hicklerunolfsdottir.net/140',919140,'{\"owner\": \"Hector Keeling\"}','2002-06-21 13:12:13','2020-03-10 08:19:39'),(31,1,77,1,'http://cassin.info/459',579748,'{\"owner\": \"Anastasia Homenick\"}','1976-06-17 07:36:19','2020-03-10 08:35:22'),(32,2,41,NULL,'http://gorczanypadberg.biz/874',131321,'{\"owner\": \"Alford Gutkowski\"}','2013-08-16 12:49:59','2020-03-10 08:19:39'),(33,3,72,1,'http://kozey.net/992',907359,'{\"owner\": \"Dorian Cormier\"}','2004-02-12 12:06:28','2020-03-10 08:35:22'),(34,1,40,NULL,'http://hauck.org/339',132835,'{\"owner\": \"Maiya Windler\"}','1996-03-15 05:22:09','2020-03-10 08:19:39'),(35,2,80,1,'http://koepp.org/718',932098,'{\"owner\": \"Isac Bashirian\"}','1980-10-07 14:04:47','2020-03-10 08:35:22'),(36,3,81,NULL,'http://fahey.biz/572',251986,'{\"owner\": \"Assunta Zieme\"}','2012-01-31 22:26:15','2020-03-10 08:19:39'),(37,1,63,1,'http://www.wymandickinson.org/708',453636,'{\"owner\": \"Vida Dooley\"}','1988-09-24 05:44:59','2020-03-10 08:35:22'),(38,2,72,NULL,'http://kovacek.info/822',502223,'{\"owner\": \"Dorian Cormier\"}','1980-10-07 04:25:37','2020-03-10 08:19:39'),(39,3,71,1,'http://johns.biz/986',140209,'{\"owner\": \"Yazmin Keeling\"}','1999-06-23 17:14:47','2020-03-10 08:35:22'),(40,1,37,NULL,'http://www.frami.com/461',184375,'{\"owner\": \"Brigitte Windler\"}','1986-06-01 05:43:07','2020-03-10 08:19:39'),(41,2,72,NULL,'http://cartwrightanderson.com/350',491247,'{\"owner\": \"Dorian Cormier\"}','1978-06-23 18:20:11','2020-03-10 08:19:39'),(42,3,49,NULL,'http://schinner.com/365',893111,'{\"owner\": \"Jessika Stiedemann\"}','2002-11-06 13:45:15','2020-03-10 08:19:39'),(43,1,30,NULL,'http://www.nikolaus.biz/773',981817,'{\"owner\": \"Arno Franecki\"}','2004-09-26 19:30:34','2020-03-10 08:19:39'),(44,2,3,NULL,'http://www.jones.com/772',219751,'{\"owner\": \"Lewis Trantow\"}','1980-06-09 00:13:52','2020-03-10 08:19:39'),(45,3,22,NULL,'http://metz.info/537',143303,'{\"owner\": \"Koby Heathcote\"}','1994-09-16 13:36:22','2020-03-10 08:19:39'),(46,1,3,NULL,'http://www.spinka.com/372',47262,'{\"owner\": \"Lewis Trantow\"}','2015-11-16 18:06:26','2020-03-10 08:19:39'),(47,2,48,NULL,'http://www.jerde.biz/248',796401,'{\"owner\": \"Hector Keeling\"}','2005-07-15 22:23:32','2020-03-10 08:19:39'),(48,3,29,NULL,'http://www.keelingfeest.com/125',830221,'{\"owner\": \"Name Cremin\"}','2008-02-18 00:36:46','2020-03-10 08:19:39'),(49,1,2,NULL,'http://sporergrimes.net/878',751904,'{\"owner\": \"Forrest Paucek\"}','1983-09-29 09:04:25','2020-03-10 08:19:39'),(50,2,22,NULL,'http://www.zulauf.com/14',258857,'{\"owner\": \"Koby Heathcote\"}','1999-03-15 01:05:19','2020-03-10 08:19:39'),(51,3,4,NULL,'http://www.orn.com/436',28575,'{\"owner\": \"Easter Schultz\"}','2018-10-21 16:55:29','2020-03-10 08:19:39'),(52,1,54,NULL,'http://www.ruecker.net/139',356304,'{\"owner\": \"Antonina Lehner\"}','1990-04-29 06:18:46','2020-03-10 08:19:39'),(53,2,59,NULL,'http://www.rice.com/385',685795,'{\"owner\": \"Myrtis Conn\"}','1999-08-25 10:54:09','2020-03-10 08:19:39'),(54,3,30,NULL,'http://macejkovicmetz.com/506',350065,'{\"owner\": \"Arno Franecki\"}','2018-02-27 00:02:17','2020-03-10 08:19:39'),(55,1,72,NULL,'http://zieme.com/376',682941,'{\"owner\": \"Dorian Cormier\"}','2000-06-04 22:32:49','2020-03-10 08:19:39'),(56,2,71,NULL,'http://hane.com/360',354510,'{\"owner\": \"Yazmin Keeling\"}','1995-07-10 20:43:24','2020-03-10 08:19:39'),(57,3,40,NULL,'http://www.corwin.net/673',713728,'{\"owner\": \"Maiya Windler\"}','2019-06-15 02:02:45','2020-03-10 08:19:39'),(58,1,86,NULL,'http://www.bartell.com/283',495110,'{\"owner\": \"Jordon Jacobson\"}','2009-08-21 21:49:03','2020-03-10 08:19:39'),(59,2,8,NULL,'http://koss.com/398',324369,'{\"owner\": \"Marianna Robel\"}','2018-02-17 00:06:13','2020-03-10 08:19:39'),(60,3,83,NULL,'http://www.kunzehoeger.info/137',126512,'{\"owner\": \"Kendall Effertz\"}','1973-01-09 07:57:02','2020-03-10 08:19:39'),(61,1,92,NULL,'http://www.yundt.com/493',649454,'{\"owner\": \"April McGlynn\"}','1984-08-16 16:42:07','2020-03-10 08:19:39'),(62,2,8,NULL,'http://mayerthagenes.net/52',857733,'{\"owner\": \"Marianna Robel\"}','1988-12-06 11:40:13','2020-03-10 08:19:39'),(63,3,65,NULL,'http://www.bins.org/783',330305,'{\"owner\": \"Tatyana Kris\"}','1985-04-18 06:44:12','2020-03-10 08:19:39'),(64,1,100,NULL,'http://www.shanahan.info/758',68327,'{\"owner\": \"Amalia Glover\"}','2003-11-26 06:49:27','2020-03-10 08:19:39'),(65,2,2,NULL,'http://www.kub.org/441',340720,'{\"owner\": \"Forrest Paucek\"}','2000-10-17 23:14:14','2020-03-10 08:19:39'),(66,3,13,NULL,'http://okuneva.com/928',488618,'{\"owner\": \"Jaime O\'Conner\"}','1970-08-11 14:53:23','2020-03-10 08:19:39'),(67,1,57,NULL,'http://www.kreigerschmitt.org/316',410933,'{\"owner\": \"Clarabelle Ledner\"}','1993-08-28 11:35:34','2020-03-10 08:19:39'),(68,2,46,NULL,'http://schoenbradtke.biz/798',578809,'{\"owner\": \"Verna Keeling\"}','1979-07-28 10:57:30','2020-03-10 08:19:39'),(69,3,59,NULL,'http://cummings.biz/39',651246,'{\"owner\": \"Myrtis Conn\"}','1991-03-15 12:35:55','2020-03-10 08:19:39'),(70,1,57,NULL,'http://www.kiehnpagac.com/801',509803,'{\"owner\": \"Clarabelle Ledner\"}','1970-11-12 03:29:08','2020-03-10 08:19:39'),(71,2,5,NULL,'http://schowalter.com/887',585279,'{\"owner\": \"Cortez Ryan\"}','1982-09-19 14:34:24','2020-03-10 08:19:39'),(72,3,53,NULL,'http://kreigerward.com/34',386986,'{\"owner\": \"Margot Bauch\"}','1996-04-29 06:26:32','2020-03-10 08:19:39'),(73,1,52,NULL,'http://mayertbechtelar.net/508',169093,'{\"owner\": \"Selina D\'Amore\"}','2008-03-13 16:00:52','2020-03-10 08:19:39'),(74,2,2,NULL,'http://murphy.net/435',674508,'{\"owner\": \"Forrest Paucek\"}','2010-04-30 08:04:15','2020-03-10 08:19:39'),(75,3,50,NULL,'http://www.gerhold.net/652',855262,'{\"owner\": \"Virginia Murphy\"}','1998-04-21 19:39:05','2020-03-10 08:19:39'),(76,1,47,NULL,'http://okeefe.info/956',242785,'{\"owner\": \"Dawn Bosco\"}','1999-11-03 23:35:47','2020-03-10 08:19:39'),(77,2,81,NULL,'http://rowelangosh.com/824',638139,'{\"owner\": \"Assunta Zieme\"}','2005-09-25 16:20:38','2020-03-10 08:19:39'),(78,3,66,NULL,'http://www.kozey.com/250',452342,'{\"owner\": \"Michelle Baumbach\"}','2005-10-13 16:36:05','2020-03-10 08:19:39'),(79,1,86,NULL,'http://yundt.biz/779',337293,'{\"owner\": \"Jordon Jacobson\"}','1998-06-03 07:45:01','2020-03-10 08:19:39'),(80,2,30,NULL,'http://hirthepagac.com/143',319439,'{\"owner\": \"Arno Franecki\"}','1989-08-19 18:49:41','2020-03-10 08:19:39'),(81,3,92,NULL,'http://www.lowecartwright.com/376',575316,'{\"owner\": \"April McGlynn\"}','2003-01-25 14:02:50','2020-03-10 08:19:39'),(82,1,69,NULL,'http://hoegerdouglas.biz/451',908264,'{\"owner\": \"Rashad Boyer\"}','2015-08-05 20:00:17','2020-03-10 08:19:39'),(83,2,70,NULL,'http://kessler.biz/128',805373,'{\"owner\": \"Vada Leannon\"}','1991-05-11 11:05:52','2020-03-10 08:19:39'),(84,3,43,NULL,'http://connmcclure.com/284',292073,'{\"owner\": \"Nathen Hoppe\"}','2005-05-15 00:06:55','2020-03-10 08:19:39'),(85,1,5,NULL,'http://www.connelly.net/37',34249,'{\"owner\": \"Cortez Ryan\"}','1981-03-24 13:22:25','2020-03-10 08:19:39'),(86,2,95,NULL,'http://cronin.com/331',285024,'{\"owner\": \"Meagan Hansen\"}','2014-08-17 20:55:50','2020-03-10 08:19:39'),(87,3,60,NULL,'http://klinggorczany.com/546',312376,'{\"owner\": \"Ike Cartwright\"}','2006-02-13 12:41:56','2020-03-10 08:19:39'),(88,1,13,NULL,'http://www.murraygerlach.biz/734',696806,'{\"owner\": \"Jaime O\'Conner\"}','2011-06-26 07:55:47','2020-03-10 08:19:39'),(89,2,86,NULL,'http://www.altenwerth.com/34',536905,'{\"owner\": \"Jordon Jacobson\"}','1988-10-16 15:52:31','2020-03-10 08:19:39'),(90,3,90,NULL,'http://little.com/968',584107,'{\"owner\": \"Dewayne Fisher\"}','1983-10-23 19:28:35','2020-03-10 08:19:39'),(91,1,90,NULL,'http://bartoletti.com/735',299818,'{\"owner\": \"Dewayne Fisher\"}','2018-10-25 07:01:50','2020-03-10 08:19:39'),(92,2,82,NULL,'http://hamill.org/773',736773,'{\"owner\": \"Gisselle Volkman\"}','2007-12-11 21:50:12','2020-03-10 08:19:39'),(93,3,40,NULL,'http://boganwitting.org/659',774410,'{\"owner\": \"Maiya Windler\"}','1990-06-19 14:27:48','2020-03-10 08:19:39'),(94,1,51,NULL,'http://www.goodwinrolfson.com/974',651732,'{\"owner\": \"Kole Senger\"}','2015-06-28 07:36:27','2020-03-10 08:19:39'),(95,2,34,NULL,'http://www.kuhlman.net/892',925428,'{\"owner\": \"Minerva Von\"}','2003-03-30 20:33:59','2020-03-10 08:19:39'),(96,3,17,NULL,'http://www.grady.com/540',661947,'{\"owner\": \"Samara Mayer\"}','2013-07-01 18:38:43','2020-03-10 08:19:39'),(97,1,84,NULL,'http://www.gutmann.net/23',523451,'{\"owner\": \"Lula Jerde\"}','2008-09-19 12:24:44','2020-03-10 08:19:39'),(98,2,69,NULL,'http://www.greenzieme.com/493',621414,'{\"owner\": \"Rashad Boyer\"}','2003-01-12 14:39:08','2020-03-10 08:19:39'),(99,3,90,NULL,'http://boyle.com/397',526719,'{\"owner\": \"Dewayne Fisher\"}','1983-04-23 20:04:49','2020-03-10 08:19:39'),(100,1,45,NULL,'http://kuvalis.com/506',759352,'{\"owner\": \"Annabel Gleichner\"}','2017-07-07 11:17:16','2020-03-10 08:19:39');
/*!40000 ALTER TABLE `media` ENABLE KEYS */;
UNLOCK TABLES;

--
-- Table structure for table `media_types`
--

DROP TABLE IF EXISTS `media_types`;
/*!40101 SET @saved_cs_client     = @@character_set_client */;
/*!50503 SET character_set_client = utf8mb4 */;
CREATE TABLE `media_types` (
  `id` int unsigned NOT NULL AUTO_INCREMENT,
  `name` varchar(255) CHARACTER SET utf8 COLLATE utf8_unicode_ci NOT NULL,
  PRIMARY KEY (`id`),
  UNIQUE KEY `name` (`name`)
) ENGINE=InnoDB AUTO_INCREMENT=4 DEFAULT CHARSET=utf8 COLLATE=utf8_unicode_ci;
/*!40101 SET character_set_client = @saved_cs_client */;

--
-- Dumping data for table `media_types`
--

LOCK TABLES `media_types` WRITE;
/*!40000 ALTER TABLE `media_types` DISABLE KEYS */;
INSERT INTO `media_types` VALUES (2,'audio'),(1,'photo'),(3,'video');
/*!40000 ALTER TABLE `media_types` ENABLE KEYS */;
UNLOCK TABLES;

--
-- Table structure for table `messages`
--

DROP TABLE IF EXISTS `messages`;
/*!40101 SET @saved_cs_client     = @@character_set_client */;
/*!50503 SET character_set_client = utf8mb4 */;
CREATE TABLE `messages` (
  `id` int unsigned NOT NULL AUTO_INCREMENT,
  `from_user_id` int unsigned NOT NULL,
  `to_user_id` int unsigned NOT NULL,
  `community_id` int unsigned DEFAULT NULL,
  `body` text CHARACTER SET utf8 COLLATE utf8_unicode_ci NOT NULL,
  `media_id` int unsigned DEFAULT NULL,
  `is_important` tinyint(1) DEFAULT NULL,
  `is_delivered` tinyint(1) DEFAULT NULL,
  `created_at` datetime DEFAULT CURRENT_TIMESTAMP,
  PRIMARY KEY (`id`)
) ENGINE=InnoDB AUTO_INCREMENT=101 DEFAULT CHARSET=utf8 COLLATE=utf8_unicode_ci;
/*!40101 SET character_set_client = @saved_cs_client */;

--
-- Dumping data for table `messages`
--

LOCK TABLES `messages` WRITE;
/*!40000 ALTER TABLE `messages` DISABLE KEYS */;
INSERT INTO `messages` VALUES (1,1,74,NULL,'Consequatur consequuntur hic eos accusantium quo. Aut enim doloribus odio velit dignissimos doloribus dignissimos. Voluptatibus incidunt nulla quia nam dolore.',NULL,0,1,'2013-08-09 17:52:55'),(2,2,95,NULL,'Dolorum sunt aut veritatis accusamus cupiditate. Nihil dignissimos reiciendis inventore eos. Inventore exercitationem molestias saepe. Id autem ab officiis minima quas aperiam sint.',NULL,1,1,'2012-01-26 17:43:50'),(3,3,53,NULL,'Nihil ullam aut illum qui optio ut. Harum reprehenderit placeat cumque quaerat omnis. Quae necessitatibus nostrum et beatae.',NULL,0,1,'2013-05-02 10:45:50'),(4,4,71,NULL,'Harum ut aspernatur iusto consectetur. Vel ratione sed non sapiente eos maiores velit. Ea distinctio cumque veritatis ut natus atque.',NULL,0,1,'2002-08-24 14:14:50'),(5,5,74,NULL,'Corporis quo a nam nemo facilis non non. Et qui et optio cum minima ut mollitia. Autem maxime possimus et cumque esse natus excepturi quidem. A ducimus dolorem dicta quia atque quia reiciendis.',NULL,0,0,'2011-01-09 07:32:45'),(6,6,95,NULL,'Et ducimus quibusdam recusandae. Id praesentium reiciendis consequatur alias asperiores eum fugit. Animi esse officia est.',NULL,0,0,'1981-09-13 05:32:08'),(7,7,67,NULL,'Voluptatum id quod optio molestiae. Animi ut inventore qui consequatur enim distinctio. Et soluta quae amet. Delectus placeat eveniet consequuntur omnis. Nam eum perferendis magnam itaque.',NULL,1,0,'2018-01-02 14:33:07'),(8,8,7,NULL,'In commodi quibusdam nostrum saepe impedit ducimus. Velit earum vitae rerum suscipit adipisci vel voluptas. Nisi dignissimos quidem ut totam reprehenderit dolores odit. Reiciendis magnam tempora illo eius.',NULL,0,0,'1990-03-09 01:32:34'),(9,9,99,NULL,'Et doloribus quibusdam voluptatem repellat ea nihil. Quasi recusandae omnis nobis ut sed.',NULL,0,0,'2006-09-10 17:30:25'),(10,10,7,NULL,'Sit quod soluta et. Quia cum aut delectus. Iusto dolorum est est voluptatem delectus. Id eligendi labore consequuntur quam. Placeat minus magni atque earum.',NULL,0,0,'2003-06-07 09:52:43'),(11,11,37,NULL,'Rerum quam commodi illo. Sed iure libero dicta nesciunt nihil expedita autem. Earum excepturi rerum quae sit eum saepe corporis.',NULL,1,1,'1983-01-21 12:45:59'),(12,12,75,NULL,'Voluptatum est nisi voluptas deserunt vel repellendus. Hic et repudiandae earum quos. Consequuntur est consequatur ipsa maxime.',NULL,0,0,'1993-06-18 01:04:50'),(13,13,22,NULL,'Vero enim est et ut. Molestiae consequatur adipisci omnis nam doloremque ut ut. Non numquam officia eos labore commodi veniam voluptatum.',NULL,1,0,'1983-02-24 16:07:51'),(14,14,76,NULL,'Autem et aliquid et. Adipisci molestiae facere autem tenetur. Fuga eligendi sequi est quos facilis illum perspiciatis.',NULL,0,0,'1993-05-27 20:38:30'),(15,15,99,NULL,'Temporibus doloribus quo aspernatur eius modi sunt iusto. Et porro veritatis nemo eum quia. Maiores fugiat minima dolore omnis. Placeat quia possimus nam qui et est dicta.',NULL,0,1,'1996-10-30 19:19:55'),(16,16,62,NULL,'Cupiditate et iure et numquam reprehenderit. Corporis quis qui ea placeat. Qui placeat quo aperiam quo est.',NULL,1,0,'1988-11-26 06:39:14'),(17,17,20,NULL,'Possimus modi nihil dolor expedita repellendus. Accusantium commodi accusamus porro nesciunt. Qui quia repudiandae iste.',NULL,1,1,'1972-10-12 13:44:05'),(18,18,80,NULL,'Ex et dolorem soluta unde. Dolores quidem ut dignissimos quisquam aut. Sint repudiandae praesentium qui ut facere voluptas consequuntur.',NULL,1,1,'1986-09-13 14:10:45'),(19,19,25,NULL,'At culpa veritatis cum ut eum voluptas facilis. Et quo maxime veniam tempore. Corrupti rerum non atque assumenda et.',NULL,1,0,'2003-03-29 13:42:05'),(20,20,19,NULL,'Laborum numquam esse consequatur a quod quos. Placeat alias dolores occaecati temporibus. Et praesentium error quas facilis. Eveniet consectetur vel a nihil repudiandae rerum.',NULL,1,1,'2003-01-01 05:32:09'),(21,21,75,NULL,'Est quas cumque placeat minima natus et. Assumenda nobis maxime laboriosam. Aut minus et in ea doloremque.',NULL,1,1,'1989-10-26 15:40:41'),(22,22,61,NULL,'Soluta voluptatem culpa eligendi. Porro hic commodi ut eaque et unde. Recusandae consequatur saepe praesentium cupiditate fugit.',NULL,1,1,'2003-05-03 10:20:51'),(23,23,65,NULL,'Enim sit distinctio omnis maxime illo qui expedita. Modi ea qui accusamus nesciunt iure. Repellendus quaerat pariatur aut soluta maxime. Odio necessitatibus omnis corporis asperiores minus.',NULL,1,0,'2017-12-22 23:08:39'),(24,24,53,NULL,'Velit officia eum assumenda. Quasi aliquid sit rerum et tempora. Voluptatibus temporibus quos necessitatibus natus ullam similique. A corporis qui et ut et eius. Ut dolorum illum qui reiciendis.',NULL,0,0,'2012-02-28 20:39:47'),(25,25,35,NULL,'Cumque neque similique animi aut numquam quaerat quo eos. Excepturi omnis ad repudiandae ad qui magni. Nostrum soluta cumque maiores quas dignissimos eum nihil. Iusto inventore ab earum necessitatibus autem ut.',NULL,0,1,'1996-12-20 19:14:06'),(26,26,29,NULL,'Sunt quaerat eaque similique inventore illum. Eum fugit quo velit sed assumenda voluptatem.',NULL,1,1,'1987-05-07 08:13:34'),(27,27,31,NULL,'Est ea voluptas voluptate voluptatem molestiae et et ipsa. Nostrum in voluptas explicabo. Sit ratione sequi omnis quia deserunt.',NULL,0,0,'1980-07-23 08:39:36'),(28,28,16,NULL,'Consectetur in soluta sequi et commodi. Tenetur est sed explicabo. Enim placeat rerum quis quam. Totam dolorem aspernatur voluptas autem cum suscipit.',NULL,0,1,'2013-08-09 23:56:30'),(29,29,16,NULL,'Minus ut laboriosam natus. Asperiores dolor corporis consectetur voluptates quis. Deleniti libero voluptates quasi aut. Odio consequuntur sint nemo repellat consectetur cupiditate ratione. Consectetur ex aut numquam quam ad nobis similique.',NULL,1,1,'2016-05-05 09:15:25'),(30,30,95,NULL,'Sapiente qui ab maiores possimus dolor. Ut nihil ut cumque. Consectetur consequatur consequatur assumenda odit delectus. Labore rerum aut dolor natus eum.',NULL,0,1,'2013-01-29 13:54:50'),(31,31,78,NULL,'Inventore temporibus occaecati voluptates temporibus natus voluptates et. Et eius cupiditate voluptas. Accusantium commodi tempora ea illo exercitationem non.',NULL,1,0,'1998-10-10 12:38:22'),(32,32,91,NULL,'Est quam sint dolor tempore fugit quod non. Nulla qui in suscipit dolores alias dolorum.',NULL,0,1,'2010-12-26 01:02:41'),(33,33,53,NULL,'Doloremque recusandae odio enim iure veniam id laboriosam. Molestiae sit rerum dolorum consequatur dolor.',NULL,1,0,'1995-06-16 06:11:08'),(34,34,72,NULL,'In perspiciatis dolorum molestiae sunt non. Sint architecto ab soluta delectus qui. Eos similique et asperiores unde et aut omnis. Repellendus maiores et harum iste.',NULL,1,1,'2009-03-13 00:53:08'),(35,35,54,NULL,'Quis itaque minima similique aut voluptas. Porro ipsam eligendi aut voluptatem ipsam sapiente fuga. Unde ullam adipisci voluptatem qui sed voluptatem.',NULL,0,0,'1998-05-26 00:43:42'),(36,36,63,NULL,'Enim quas minus debitis earum adipisci. Provident voluptas nesciunt voluptatem magni architecto laudantium dolores nobis.',NULL,1,1,'2003-12-13 16:40:32'),(37,37,68,4,'Quis eaque voluptas minus facere cum voluptate. Delectus sed nesciunt repellat cumque aut.',2,0,0,'2006-07-13 18:24:38'),(38,38,76,NULL,'Laboriosam voluptas id ut eligendi voluptatem et consequuntur. Neque quidem magnam ab nobis dignissimos iste possimus. Maxime est perferendis nam voluptas neque reiciendis impedit.',NULL,0,0,'1984-01-14 02:38:30'),(39,39,92,NULL,'Deserunt minus libero vero quam. Dolor et quaerat aspernatur velit distinctio cumque minima. Molestias necessitatibus quae quod rem consectetur illo et.',NULL,1,1,'2010-07-01 01:51:56'),(40,40,66,8,'Esse quas ullam iste illum earum sint id mollitia. Sit perspiciatis eveniet earum aliquam est voluptas. Provident dolor voluptatibus deleniti dicta. Rerum est mollitia in et possimus vero.',2,1,1,'1992-11-20 16:41:11'),(41,41,89,NULL,'Repudiandae est eligendi sit consectetur sit quam temporibus. Accusantium tempore excepturi et quas. Aut beatae et quo nihil et nam autem.',NULL,0,0,'1994-08-13 10:04:32'),(42,42,68,NULL,'Quidem at non amet. Et quam voluptate hic ipsam et. Exercitationem earum quaerat qui optio ipsum eum qui. Illo magnam a sit quis eos odio. Qui voluptas sequi est.',NULL,1,1,'2014-09-28 13:53:08'),(43,43,31,9,'Reprehenderit debitis molestias recusandae. Minus sed iusto voluptas enim et. Assumenda architecto omnis et est nemo.',4,1,1,'2007-10-31 16:04:03'),(44,44,53,NULL,'Aspernatur et illum magnam sed quia. Omnis qui nobis tenetur eligendi. Ut qui placeat vel. Neque magnam ut perferendis maiores dicta repudiandae.',NULL,1,0,'1973-10-22 09:05:45'),(45,45,75,NULL,'Cupiditate laboriosam est harum eos reiciendis corporis et. Totam facilis qui natus voluptas nihil. Sed error aut cum occaecati ea voluptatem unde aliquid.',NULL,0,0,'2010-04-26 19:21:31'),(46,46,58,17,'Qui voluptatem culpa inventore sit dolorem. Nihil accusamus deleniti qui aut amet ad ipsa. A est magnam est quo voluptas. Saepe velit sint aut omnis ex illo ipsum tempore.',14,1,0,'2007-05-30 23:24:12'),(47,47,54,NULL,'Autem consequatur ducimus id maiores. Voluptatem et dignissimos cum veritatis. Occaecati ut sapiente velit natus. Odit illum sed temporibus voluptas omnis.',NULL,1,0,'1979-04-14 05:23:02'),(48,48,65,NULL,'Ducimus voluptas qui architecto modi. Molestiae hic quis tenetur quia corrupti consequatur facilis eum. Unde exercitationem dolorem laboriosam nemo. Facilis sed rem est id voluptatem quos molestiae.',NULL,1,1,'2009-04-02 22:45:26'),(49,49,1,20,'Placeat cumque suscipit fugit at aut facilis. Voluptates molestias animi ut veritatis ut rem non. Reprehenderit inventore facilis illo dolores est corrupti. Qui harum consequatur consequuntur sed dicta.',17,1,1,'2008-02-24 08:51:02'),(50,50,54,NULL,'Ullam explicabo et nulla quidem et iusto. Voluptas saepe eum qui aut cupiditate atque veritatis.',NULL,0,0,'2012-08-07 16:19:34'),(51,51,56,NULL,'Quibusdam optio minus consequuntur veniam illo libero. Harum atque porro molestiae neque animi. Sit molestiae aut qui voluptas unde suscipit nemo tempore. Ut qui provident molestias.',NULL,0,1,'2016-10-10 19:49:46'),(52,52,15,8,'Molestiae odit et ullam quibusdam a. Molestiae eius esse totam odio deserunt et ut. Omnis harum aut voluptatem eos beatae. Et laborum veniam repellendus velit laboriosam ab et.',3,0,1,'2005-10-12 09:07:35'),(53,53,62,NULL,'Ipsum corrupti omnis vel vitae delectus blanditiis. Earum esse et aut magni harum aut repudiandae. Cumque ad eligendi temporibus sit numquam rerum maxime.',NULL,0,1,'2011-12-29 14:20:39'),(54,54,2,NULL,'Cupiditate et impedit et totam ut id excepturi sint. Quia culpa praesentium expedita et. Sunt sint animi ab necessitatibus. Voluptas tenetur perferendis ipsa eos.',NULL,1,0,'1986-07-27 19:27:19'),(55,55,64,17,'Corrupti veniam velit eos itaque neque. Consectetur ex facere est deleniti aut accusamus quisquam ut. Dolores quia mollitia ipsa.',1,1,1,'1984-10-19 00:29:32'),(56,56,92,NULL,'Consequatur sed quos quasi non officiis saepe ipsam quae. Ab est impedit id consequatur aut. Earum rem consequatur vitae ipsum nobis dolores. Aut non possimus suscipit. Eos nihil rerum non.',NULL,1,1,'2007-09-12 06:20:17'),(57,57,53,NULL,'Sit temporibus sunt maiores rerum aliquid. Id modi quidem quos. Soluta asperiores qui enim rem repudiandae nam.',3,0,0,'1997-10-13 00:32:37'),(58,58,35,4,'Maxime fuga iure eaque ut consequuntur. Expedita fugiat nostrum sunt eos cumque eaque dolore. Facere voluptate odit quasi labore officia quos. Qui laudantium praesentium dignissimos ea ipsam dignissimos.',18,0,0,'1994-07-10 08:43:41'),(59,59,21,NULL,'Libero voluptatem tempore laboriosam vitae voluptatem. Aut voluptatem ad repellendus voluptatum. Iusto sapiente harum culpa quia nisi ipsum adipisci.',6,1,1,'1980-08-26 19:32:35'),(60,60,79,NULL,'Totam odio ea ea illum non enim. Quo molestiae beatae alias repellat non et commodi. Iure dicta est nisi debitis rerum.',NULL,1,0,'1971-12-05 05:55:39'),(61,61,48,NULL,'Architecto laudantium voluptatum sed quo non nobis dolores at. Illo error mollitia numquam facere rerum deserunt dolor. Aut assumenda cumque hic veritatis eligendi earum.',7,1,1,'1985-04-03 12:53:55'),(62,62,65,NULL,'Soluta eum dolore dolor ut. Voluptatem neque velit in et quasi. Amet non libero et quia veniam. Hic vitae aut mo555lestiae non.',NULL,0,0,'1999-10-27 23:11:52'),(63,63,15,NULL,'Repellendus quo quis dignissimos nemo soluta qui voluptatem. Ut et sapiente error voluptatem. Vel autem autem quos quia doloremque dolorem. Laudantium enim qui qui quo eos qui.',14,0,0,'1993-05-22 20:35:41'),(64,64,56,NULL,'Sapiente modi eligendi et aut sed. Voluptatibus mollitia sed quasi cum qui. Perspiciatis eveniet placeat nihil magni et sed earum. Aliquid recusandae non labore voluptatem.',NULL,1,0,'1998-12-27 09:23:33'),(65,65,24,NULL,'Cupiditate ipsam error dolore dolorum quam ut. Numquam esse aspernatur eos reprehenderit. Quia inventore omnis beatae et porro. Odit et exercitationem mollitia.',3,1,1,'2009-09-11 21:52:42'),(66,66,93,NULL,'Ut suscipit perferendis voluptas qui. Dolorum ipsum culpa autem commodi. Laudantium quasi delectus velit a. Voluptatem quo quo tempore ipsum et.',NULL,0,0,'1993-02-02 18:11:31'),(67,67,77,NULL,'Quam ab dolores enim tempore. Iusto iure accusantium omnis ut laudantium. Architecto porro et harum sed velit. Fuga eum accusantium suscipit eveniet nulla.',3,1,1,'1984-12-26 23:10:15'),(68,68,49,NULL,'Assumenda ad vel autem consequatur iusto atque. Eos facilis facilis architecto. Modi voluptatum voluptas quia corrupti dolores magnam itaque.',NULL,0,0,'2013-02-03 13:10:15'),(69,69,38,NULL,'Consequatur qui modi quo sed facere quia aliquid. Illum sed ut accusamus voluptates non quo cum. Laboriosam eligendi deserunt vel et repellat harum accusamus dolorem.',3,0,1,'1995-10-05 12:50:43'),(70,70,18,NULL,'Officiis eligendi at distinctio. Voluptas vel consequatur molestiae nihil modi culpa. Sunt eveniet rerum beatae cum praesentium.',NULL,1,1,'2016-08-07 00:50:24'),(71,71,78,NULL,'Omnis sed eos quis earum nemo. Aliquid officiis veritatis qui eius dolores adipisci qui. Ea et sed hic porro tempore beatae.',4,0,0,'2017-08-25 00:27:05'),(72,72,89,NULL,'Corrupti quibusdam ratione blanditiis sunt perferendis doloremque aut enim. Excepturi provident voluptates ipsa nam ratione quod fuga sint. Ullam iusto non provident nesciunt. Eligendi velit accusantium est et necessitatibus.',NULL,0,1,'2011-07-09 22:07:19'),(73,73,69,NULL,'Ut ipsam veniam impedit rerum velit. Consequatur et et adipisci nostrum quis. Rem itaque blanditiis ipsum vitae nesciunt. Est vel consequatur ipsa voluptatibus.',9,1,1,'1970-12-31 23:08:20'),(74,74,17,NULL,'Quia recusandae error voluptas dolores. Autem dolores dolorum cum provident. Fugiat non quae ipsa debitis architecto. Autem in perspiciatis sunt consequatur accusamus unde aut porro.',NULL,0,1,'2000-09-24 11:26:09'),(75,75,49,NULL,'Quod alias tempora hic deserunt minima. Praesentium quas animi perspiciatis deleniti. Numquam porro sint sint sit sed et consequatur iste.',15,0,0,'1972-11-03 16:52:18'),(76,76,98,NULL,'Minima doloribus quo aut provident ea quibusdam expedita delectus. Dolores cumque error velit rerum explicabo eos quis. Amet neque fugiat atque enim. Aliquam ut voluptatum eveniet mollitia voluptas sapiente.',NULL,0,1,'1972-07-07 23:47:17'),(77,77,22,NULL,'Tenetur sit vitae commodi est repellat harum. Porro provident voluptates ex similique natus veritatis odit. Aut et mollitia voluptas in voluptas mollitia eum. Ut blanditiis recusandae ipsa eaque sunt. Sit sit incidunt asperiores voluptatibus sequi.',4,0,0,'2015-08-14 21:30:15'),(78,78,22,NULL,'Quod et consequatur at non dolorem. Ea aliquid odio neque distinctio ex in suscipit. Et vero ab dolorum atque sunt.',NULL,1,1,'1980-08-18 17:36:52'),(79,79,33,NULL,'Illo rerum qui tenetur aspernatur. Modi ut enim accusamus occaecati fugit. Ut et corporis qui atque ipsa distinctio.',3,1,0,'2019-06-06 03:13:37'),(80,80,92,NULL,'Eos commodi numquam quibusdam velit unde. Autem mollitia impedit quo voluptatem voluptatem harum. Officia sunt omnis fugit odio quis aliquid pariatur. Repudiandae ut laudantium aut molestiae et.',NULL,0,0,'2000-12-06 20:14:11'),(81,81,87,NULL,'Rerum dolor quibusdam maxime et consequatur dolor illum. Dolores esse accusantium perferendis. Perspiciatis est similique repellat. Excepturi libero vero architecto consequatur.',NULL,0,1,'1978-07-05 07:14:34'),(82,82,24,NULL,'Doloribus consequatur facere assumenda omnis architecto soluta. Enim quae blanditiis quo. Asperiores rem similique ex neque et voluptas quaerat. Incidunt velit eaque qui laudantium nostrum et.',NULL,0,1,'1992-04-12 18:24:29'),(83,83,22,NULL,'Quis qui aut praesentium repudiandae. Et ut officiis dolores ut sint repellat sequi. Consequatur magni esse pariatur error illum.',NULL,1,1,'1983-02-08 18:07:53'),(84,84,11,NULL,'Alias officia odio commodi incidunt vero eveniet. Cupiditate sed est nihil ipsa qui consequuntur optio. Reprehenderit aspernatur dolores sed quidem consequatur dolorum dignissimos corporis. Sit minima accusantium non autem expedita quibusdam.',NULL,1,0,'1997-01-19 18:54:51'),(85,85,63,NULL,'Dolorum qui omnis laudantium. Atque vel sint nihil quibusdam quae qui tenetur. Nam accusamus omnis voluptas corrupti. Eum cum debitis voluptas ut est voluptatem magnam.',NULL,1,0,'2010-06-08 22:09:34'),(86,86,95,NULL,'Ut et beatae enim occaecati aliquid. Debitis nam ullam suscipit necessitatibus ex ipsum deserunt. Iusto eaque eum adipisci deleniti et praesentium.',NULL,0,1,'1996-07-26 10:49:34'),(87,87,35,NULL,'Nisi recusandae dicta facilis officia sunt. Id occaecati nesciunt eos sed quo voluptate deserunt. Consequatur et voluptatem dolores aperiam.',NULL,1,1,'1998-11-26 22:54:40'),(88,88,93,NULL,'Aliquid voluptas assumenda itaque placeat. Dolorem est exercitationem quo suscipit quia veritatis in pariatur. Praesentium dolores porro natus.',NULL,0,1,'1982-07-16 22:34:32'),(89,89,35,NULL,'Animi maxime voluptas tenetur id et dolorem nulla. Quia magnam labore sint similique ipsam hic harum.',NULL,0,0,'2014-08-31 00:23:28'),(90,90,57,NULL,'Qui eos ad nemo qui aut ullam corporis deserunt. Aut exercitationem odit dolores dolorem eligendi. Repudiandae labore odit sequi inventore omnis. Qui deleniti laborum molestiae iure totam.',NULL,0,1,'2001-10-03 19:09:59'),(91,91,10,NULL,'Saepe omnis rem excepturi inventore laudantium. Voluptatum porro enim recusandae libero. Necessitatibus et et quasi nihil non labore voluptates.',NULL,1,0,'2010-10-10 09:41:03'),(92,92,48,NULL,'Est recusandae aut et id ea totam. Ducimus labore sunt et mollitia rerum. Placeat blanditiis repudiandae illo sed officiis et quidem. Aut dolore itaque sit vel.',NULL,1,1,'1978-03-02 08:50:38'),(93,93,59,NULL,'Et nobis et corporis. Molestias alias aut adipisci sed suscipit rerum doloremque. Nihil tenetur doloremque quia sunt. Magni eos ut mollitia consequatur.',NULL,1,1,'1981-02-11 14:00:47'),(94,94,49,NULL,'Recusandae sed ducimus enim. Officia quo enim sed iure repudiandae hic. Earum ducimus autem et. Omnis odio hic voluptas molestiae laboriosam et nihil.',NULL,1,1,'1972-12-18 13:07:12'),(95,95,62,NULL,'Consequuntur doloribus eos voluptatem sit temporibus dolor. Magni animi consequatur eveniet aut totam aut rerum nobis. Alias eos et reprehenderit repellat hic est.',NULL,1,0,'2008-12-16 22:21:36'),(96,96,6,NULL,'Atque tempore assumenda soluta rerum corporis qui. Ut laudantium ullam ea necessitatibus voluptates quisquam et. Illum et repellendus quasi. Ipsam et ipsa rem.',NULL,0,1,'2015-10-02 06:59:29'),(97,97,86,NULL,'Et magnam qui eum nemo iure delectus minima. In enim doloremque quam et.',NULL,0,0,'1993-07-04 22:12:25'),(98,98,93,NULL,'Nihil officia qui voluptatem maiores a nostrum qui. Impedit sed dolores et eaque quisquam. Quae laboriosam qui id. Asperiores debitis consequuntur reiciendis ipsum. Ab similique quae in sint.',NULL,0,0,'1998-03-03 08:35:22'),(99,99,76,NULL,'Sunt aut ratione autem consequatur. Consectetur debitis quia animi quibusdam. Repudiandae cum et ut sed. Molestiae est odit id unde eius.',NULL,0,1,'2006-08-05 08:03:30'),(100,100,7,NULL,'At sequi aut iure quis reprehenderit odit mollitia id. Beatae eos qui qui quibusdam debitis et. Velit voluptatem maxime et atque sit illum velit voluptatibus. Et fugiat explicabo ipsa magnam.',NULL,1,1,'2014-08-18 03:49:01');
/*!40000 ALTER TABLE `messages` ENABLE KEYS */;
UNLOCK TABLES;

--
-- Table structure for table `profiles`
--

DROP TABLE IF EXISTS `profiles`;
/*!40101 SET @saved_cs_client     = @@character_set_client */;
/*!50503 SET character_set_client = utf8mb4 */;
CREATE TABLE `profiles` (
  `user_id` int unsigned NOT NULL,
  `gender` char(1) CHARACTER SET utf8 COLLATE utf8_unicode_ci NOT NULL,
  `birthday` date DEFAULT NULL,
  `city` varchar(100) CHARACTER SET utf8 COLLATE utf8_unicode_ci DEFAULT NULL,
  `country` varchar(100) CHARACTER SET utf8 COLLATE utf8_unicode_ci DEFAULT NULL,
  `photo_id` int NOT NULL,
  `created_at` datetime DEFAULT CURRENT_TIMESTAMP,
  `updated_at` datetime DEFAULT CURRENT_TIMESTAMP ON UPDATE CURRENT_TIMESTAMP,
  PRIMARY KEY (`user_id`)
) ENGINE=InnoDB DEFAULT CHARSET=utf8 COLLATE=utf8_unicode_ci;
/*!40101 SET character_set_client = @saved_cs_client */;

--
-- Dumping data for table `profiles`
--

LOCK TABLES `profiles` WRITE;
/*!40000 ALTER TABLE `profiles` DISABLE KEYS */;
INSERT INTO `profiles` VALUES (1,'m','2012-12-15','Kenyonview','Mayotte',38,'2018-12-14 19:31:19','2020-01-26 22:46:54'),(2,'f','2012-09-29','Martinshire','Slovenia',88,'2010-12-16 10:52:42','2019-03-26 01:45:03'),(3,'f','2017-02-15','Ladariusville','Holy See (Vatican City State)',27,'2014-05-18 10:49:18','2019-09-18 10:24:32'),(4,'f','2015-08-27','Lake Treyhaven','El Salvador',70,'2018-10-29 22:28:08','2019-05-14 16:47:30'),(5,'f','2010-10-15','Gottliebville','Saint Lucia',70,'2012-07-03 01:52:29','2020-02-22 19:43:52'),(6,'f','2019-03-25','East Elseshire','Malta',38,'2004-03-01 21:57:43','2019-10-17 11:16:50'),(7,'f','2016-07-20','West Jocelyn','Cocos (Keeling) Islands',78,'2018-02-01 06:10:49','2019-08-31 05:12:32'),(8,'m','2010-03-23','South Gunnerton','Papua New Guinea',76,'2002-10-18 17:00:40','2020-01-27 00:12:08'),(9,'m','2012-09-08','Audiechester','Indonesia',46,'2012-10-21 23:30:37','2019-11-09 03:23:06'),(10,'m','2013-04-06','West Zack','Hungary',2,'2017-02-21 12:30:46','2018-11-15 17:19:06'),(11,'m','2015-09-05','South Gennaro','Montenegro',72,'2008-10-15 10:01:44','2019-11-24 09:26:10'),(12,'m','2011-12-24','North Betty','French Southern Territories',55,'2008-12-19 03:36:04','2020-01-13 06:13:29'),(13,'m','2018-04-07','Purdyberg','Kenya',56,'2016-08-05 19:54:49','2018-12-19 20:48:58'),(14,'f','2012-04-16','Ethelton','Slovenia',14,'2017-07-30 10:45:38','2019-10-30 18:24:19'),(15,'f','2014-07-18','East Roberta','China',1,'2017-11-30 19:03:25','2019-06-01 16:34:42'),(16,'f','2011-02-28','North Beverly','French Polynesia',61,'2016-08-28 15:59:55','2020-01-16 18:40:33'),(17,'m','2010-12-19','Edgarfurt','Benin',5,'2009-05-11 23:49:04','2019-02-20 06:38:37'),(18,'f','2011-05-20','West Conradmouth','Philippines',39,'2013-04-10 14:05:15','2019-05-02 23:11:24'),(19,'m','2014-09-09','East Scot','Timor-Leste',80,'2018-02-07 23:58:45','2019-01-26 01:01:08'),(20,'f','2015-05-13','North Cecile','Netherlands',82,'2012-03-13 23:37:45','2019-10-17 22:31:27'),(21,'m','2020-02-03','Lake Jonathon','Kiribati',70,'2004-10-24 06:12:12','2018-12-08 00:33:53'),(22,'f','2016-01-12','Amelieborough','Iceland',3,'2003-12-01 23:07:28','2019-01-24 05:15:00'),(23,'m','2019-12-08','East Verdieton','Bouvet Island (Bouvetoya)',4,'2003-04-12 09:00:26','2019-08-25 08:33:21'),(24,'f','2017-03-29','South Durwardburgh','Falkland Islands (Malvinas)',11,'2002-10-08 07:39:27','2019-07-15 21:01:42'),(25,'m','2016-07-10','South Agnes','Canada',44,'2002-02-20 19:15:42','2019-11-15 15:28:30'),(26,'m','2019-10-13','Gaylordside','Antigua and Barbuda',86,'2018-11-04 16:19:50','2019-03-31 08:17:22'),(27,'m','2010-11-18','Port Lornashire','Pitcairn Islands',96,'2012-08-29 03:51:47','2019-01-22 10:01:21'),(28,'f','2010-09-16','Anaisburgh','Honduras',23,'2004-11-25 02:19:07','2020-01-05 16:14:35'),(29,'m','2016-06-08','New Seth','Mauritania',25,'2002-12-21 14:59:58','2020-01-21 14:08:52'),(30,'m','2018-09-11','Ryanmouth','Gabon',54,'2016-08-09 11:02:09','2020-01-20 23:00:37'),(31,'f','2017-03-18','Lake Lemuel','Egypt',97,'2017-04-17 21:10:37','2019-12-01 01:36:24'),(32,'f','2017-10-27','East Providenciton','Sierra Leone',21,'2016-06-20 01:46:22','2019-03-23 12:00:12'),(33,'m','2012-05-09','New Darianaland','Mongolia',15,'2010-04-09 18:19:38','2020-02-23 05:11:46'),(34,'f','2017-06-05','Okunevaburgh','Netherlands Antilles',11,'2018-05-27 05:18:48','2018-11-27 17:58:13'),(35,'m','2010-12-10','Murazikburgh','Tonga',11,'2004-05-16 06:34:49','2019-03-11 07:15:48'),(36,'f','2017-05-08','Wittingstad','American Samoa',21,'2019-09-28 21:57:22','2020-03-09 16:33:05'),(37,'m','2019-06-16','North Simeonland','Samoa',72,'2010-06-15 22:02:08','2020-02-04 06:14:11'),(38,'f','2016-09-06','North Reneeton','Faroe Islands',97,'2009-07-01 11:18:14','2019-03-11 12:57:55'),(39,'m','2010-07-18','New Deefurt','Croatia',67,'2014-04-04 22:24:30','2019-06-12 20:07:04'),(40,'f','2014-05-08','Mitchelmouth','Nigeria',45,'2004-04-17 00:07:33','2019-06-21 14:41:34'),(41,'f','2015-09-09','East Zoilabury','Burkina Faso',21,'2013-06-15 03:23:56','2020-02-22 21:06:37'),(42,'m','2018-08-08','Loistown','Antarctica (the territory South of 60 deg S)',72,'2015-11-21 10:36:42','2019-06-26 00:28:23'),(43,'m','2016-05-09','North Christelle','Tunisia',95,'2018-11-23 19:51:28','2019-06-07 02:02:02'),(44,'f','2016-06-24','South Annabellton','Croatia',57,'2008-04-23 13:26:54','2019-11-02 16:45:02'),(45,'f','2017-08-14','Croninburgh','Nigeria',3,'2019-08-19 05:39:50','2020-03-09 16:33:05'),(46,'f','2018-07-27','North Elenora','Guam',41,'2016-05-26 22:58:10','2019-11-15 10:59:58'),(47,'m','2015-03-04','East Shaniefort','Senegal',94,'2002-12-07 02:51:01','2019-09-11 02:02:45'),(48,'f','2011-08-21','South Lenora','New Zealand',48,'2018-07-15 22:20:20','2019-12-25 09:13:54'),(49,'m','2015-04-18','Donniebury','South Africa',59,'2008-10-02 11:08:19','2019-04-27 10:01:10'),(50,'m','2014-12-06','Jailynstad','Mayotte',49,'2004-08-09 03:40:18','2019-02-07 13:24:11'),(51,'f','2019-10-30','South Xander','Philippines',69,'2013-03-18 23:56:15','2020-01-05 03:57:22'),(52,'m','2010-10-17','Harveyport','Guadeloupe',97,'2013-09-29 06:40:06','2019-12-01 14:34:17'),(53,'f','2013-02-03','Zackville','Samoa',76,'2008-11-24 10:31:26','2019-05-12 13:59:17'),(54,'f','2013-06-18','Port Brady','Angola',91,'2019-09-16 23:36:37','2020-03-09 16:33:05'),(55,'m','2018-09-27','West Dallin','Moldova',27,'2015-01-12 01:28:28','2019-04-05 21:10:01'),(56,'m','2019-05-24','Dachtown','Gambia',59,'2014-02-26 16:32:13','2018-11-30 14:09:20'),(57,'f','2012-06-02','Declanshire','Oman',16,'2005-07-03 07:15:22','2019-03-30 22:16:38'),(58,'m','2011-09-14','Bartellhaven','New Zealand',100,'2019-10-25 08:39:54','2020-03-09 16:33:05'),(59,'f','2015-01-25','Cooperborough','Paraguay',54,'2007-06-05 01:33:08','2019-11-03 02:45:41'),(60,'m','2012-07-09','Port Rachaelborough','Belgium',70,'2012-06-12 03:45:38','2019-10-27 14:03:03'),(61,'f','2016-02-21','East Broderickside','Central African Republic',87,'2019-10-09 15:08:31','2020-03-09 16:33:05'),(62,'m','2012-01-27','Lake Jovany','Heard Island and McDonald Islands',23,'2004-09-12 03:25:21','2019-12-26 23:41:42'),(63,'m','2018-05-19','Shieldsbury','Burkina Faso',55,'2017-04-05 00:40:57','2018-11-26 12:33:59'),(64,'f','2015-05-05','North Ernest','Comoros',5,'2015-05-20 04:08:23','2019-08-26 20:44:48'),(65,'f','2019-07-21','New Isaiah','Suriname',59,'2004-12-10 19:38:46','2020-01-15 12:02:04'),(66,'f','2014-04-19','Port Casper','Northern Mariana Islands',79,'2013-05-04 11:48:27','2019-09-25 15:55:52'),(67,'m','2010-05-02','Kiehnborough','Antigua and Barbuda',16,'2013-05-13 18:05:37','2019-09-06 03:33:08'),(68,'f','2015-01-28','East Kayley','Ghana',46,'2006-08-15 08:02:29','2019-01-04 18:58:03'),(69,'f','2017-08-15','Port Salvadortown','San Marino',78,'2009-06-16 00:55:14','2019-10-15 10:10:50'),(70,'m','2013-10-05','Jadenburgh','Bhutan',53,'2007-03-27 05:28:26','2019-01-28 04:59:59'),(71,'f','2011-09-14','East Hildafort','Israel',31,'2005-12-06 08:36:09','2019-10-14 16:27:25'),(72,'f','2017-09-30','Eulaton','Mayotte',97,'2006-01-31 10:35:14','2018-11-15 06:17:07'),(73,'f','2014-12-14','East Florida','Morocco',89,'2010-10-05 11:07:22','2020-02-06 11:03:20'),(74,'f','2012-04-08','Emilianoberg','Brunei Darussalam',55,'2015-05-14 00:50:52','2019-09-24 16:25:19'),(75,'f','2010-05-14','Ressiemouth','Belize',7,'2006-01-14 12:51:56','2019-06-27 08:56:35'),(76,'m','2011-03-30','West Allanville','Norway',68,'2018-11-11 11:46:46','2019-05-16 03:26:54'),(77,'m','2016-02-26','Ezequielstad','Cape Verde',18,'2019-05-18 07:17:46','2019-07-11 22:24:47'),(78,'f','2019-12-30','West Holly','New Zealand',87,'2020-02-10 02:08:14','2020-03-09 16:33:05'),(79,'f','2018-12-21','Hyattfurt','Gabon',82,'2003-12-01 06:47:34','2019-03-15 22:21:32'),(80,'m','2018-06-15','East Delta','Botswana',48,'2012-05-01 08:32:53','2019-02-27 03:38:08'),(81,'m','2014-08-14','Port Carrollton','Costa Rica',91,'2011-05-30 16:21:23','2019-04-23 07:06:02'),(82,'f','2018-08-30','Kalefurt','Norfolk Island',11,'2018-03-09 16:08:01','2018-11-18 01:35:45'),(83,'m','2012-01-20','Lake Raven','United Kingdom',84,'2018-03-14 01:35:39','2018-12-06 01:40:40'),(84,'m','2019-06-10','West Zack','Comoros',85,'2016-03-31 08:33:53','2019-02-20 11:36:05'),(85,'m','2011-01-27','East Paula','Greenland',71,'2006-06-15 15:02:13','2020-01-14 12:58:22'),(86,'f','2015-02-17','Schoenmouth','Wallis and Futuna',100,'2018-04-18 23:29:09','2019-12-09 17:03:34'),(87,'m','2013-09-05','Demarcoville','Yemen',88,'2015-04-20 11:18:49','2019-05-24 23:22:44'),(88,'f','2010-07-16','Sharonburgh','French Polynesia',38,'2019-09-28 18:06:20','2020-03-09 16:33:05'),(89,'m','2012-09-18','South Allison','Grenada',26,'2014-04-22 02:34:57','2019-09-03 22:26:35'),(90,'m','2013-08-05','North Eudora','Guam',14,'2010-06-07 14:35:28','2019-05-09 15:04:01'),(91,'f','2016-05-03','Rebecaport','Greece',93,'2007-05-19 01:12:10','2018-11-15 16:00:19'),(92,'m','2020-02-24','North Bethborough','Switzerland',22,'2003-09-22 18:14:11','2020-01-31 08:49:33'),(93,'f','2017-09-23','Hahnmouth','Chad',31,'2012-12-09 06:34:09','2019-08-24 00:06:45'),(94,'f','2014-02-28','Mayerbury','Svalbard & Jan Mayen Islands',86,'2015-01-07 20:07:52','2019-02-07 06:05:08'),(95,'m','2015-12-10','Dibbertside','Gabon',39,'2016-02-03 09:56:35','2019-01-12 21:05:22'),(96,'m','2017-01-31','Grahamshire','Holy See (Vatican City State)',35,'2015-03-19 14:19:02','2018-12-27 23:11:27'),(97,'m','2014-01-27','Caesarville','Antarctica (the territory South of 60 deg S)',58,'2007-08-09 18:45:09','2018-12-24 12:41:08'),(98,'m','2013-02-26','North Diamond','Timor-Leste',85,'2008-10-31 17:48:22','2019-01-24 01:51:19'),(99,'m','2018-06-29','East Sigrid','Indonesia',51,'2019-06-27 16:46:05','2019-07-06 03:13:10'),(100,'m','2014-11-22','Graycemouth','Palau',1,'2014-02-10 17:25:02','2020-03-03 11:31:50');
/*!40000 ALTER TABLE `profiles` ENABLE KEYS */;
UNLOCK TABLES;

--
-- Table structure for table `users`
--

DROP TABLE IF EXISTS `users`;
/*!40101 SET @saved_cs_client     = @@character_set_client */;
/*!50503 SET character_set_client = utf8mb4 */;
CREATE TABLE `users` (
  `id` int unsigned NOT NULL AUTO_INCREMENT,
  `first_name` varchar(100) CHARACTER SET utf8 COLLATE utf8_unicode_ci NOT NULL,
  `last_name` varchar(100) CHARACTER SET utf8 COLLATE utf8_unicode_ci NOT NULL,
  `email` varchar(120) CHARACTER SET utf8 COLLATE utf8_unicode_ci NOT NULL,
  `phone` varchar(120) CHARACTER SET utf8 COLLATE utf8_unicode_ci NOT NULL,
  `created_at` datetime DEFAULT CURRENT_TIMESTAMP,
  `updated_at` datetime DEFAULT CURRENT_TIMESTAMP ON UPDATE CURRENT_TIMESTAMP,
  PRIMARY KEY (`id`),
  UNIQUE KEY `email` (`email`),
  UNIQUE KEY `phone` (`phone`)
) ENGINE=InnoDB AUTO_INCREMENT=101 DEFAULT CHARSET=utf8 COLLATE=utf8_unicode_ci;
/*!40101 SET character_set_client = @saved_cs_client */;

--
-- Dumping data for table `users`
--

LOCK TABLES `users` WRITE;
/*!40000 ALTER TABLE `users` DISABLE KEYS */;
INSERT INTO `users` VALUES (1,'Jerod','Quigley','keshaun.turner@example.org','07353472939','2020-02-21 23:16:41','2020-03-09 16:05:11'),(2,'Forrest','Paucek','nhintz@example.com','1-672-187-8854','2019-04-19 10:05:48','2020-02-06 12:38:59'),(3,'Lewis','Trantow','donnelly.pattie@example.net','345-237-7755x12931','2019-08-24 13:41:54','2020-03-09 16:05:11'),(4,'Easter','Schultz','fwolff@example.org','139.683.5566x9497','2019-03-15 20:25:37','2019-08-02 11:20:05'),(5,'Cortez','Ryan','chyna57@example.org','289-742-5926x134','2019-09-14 13:17:00','2020-03-09 16:05:11'),(6,'Olga','Powlowski','stanton.khalil@example.com','1-320-039-8621','2019-11-08 09:39:58','2019-12-29 18:57:13'),(7,'Leonor','Bergstrom','juwan.heller@example.com','440-969-3382','2019-10-06 10:50:11','2020-02-14 14:19:27'),(8,'Marianna','Robel','walsh.carolyn@example.org','+71(2)6411454886','2019-05-29 01:21:07','2019-08-01 00:41:23'),(9,'Pasquale','Hand','caltenwerth@example.com','1-002-128-4530x7461','2019-04-19 01:15:49','2019-12-18 01:06:31'),(10,'Delaney','Haag','sporer.jaycee@example.org','378.670.5335','2019-11-03 17:34:44','2020-02-09 16:09:30'),(11,'Krista','Borer','hweimann@example.net','852.175.0440x55959','2019-04-09 20:19:02','2019-07-16 16:00:25'),(12,'Oswald','Collier','luna.reynolds@example.net','891-041-2267','2020-01-24 05:13:52','2020-03-09 16:05:11'),(13,'Jaime','O\'Conner','streich.greg@example.org','00949298030','2019-12-26 04:12:55','2020-03-09 16:05:11'),(14,'Dock','Greenholt','rudy.lindgren@example.org','00424852799','2019-07-23 15:10:16','2019-12-23 00:08:04'),(15,'Daisy','McDermott','imuller@example.net','02118735210','2020-01-13 05:40:17','2020-02-06 06:01:47'),(16,'Betsy','Pfeffer','tamara.kemmer@example.com','1-192-423-3948x23087','2020-02-05 16:27:04','2020-03-09 16:05:11'),(17,'Samara','Mayer','bridget07@example.org','704-577-6594x76569','2019-09-17 07:51:55','2020-03-09 16:05:11'),(18,'Brook','Hilll','jalyn.shanahan@example.com','1-261-603-1410x971','2019-05-04 07:18:47','2019-11-03 10:02:07'),(19,'Madge','Rutherford','spfannerstill@example.org','(604)995-7702x694','2019-08-28 14:52:36','2020-01-23 19:17:17'),(20,'Lenny','Deckow','usenger@example.com','(814)344-4478x5629','2019-04-16 15:18:10','2019-09-07 06:28:21'),(21,'Nadia','Luettgen','schamberger.orlo@example.net','(113)665-8553','2019-08-14 22:21:01','2020-01-28 02:42:40'),(22,'Koby','Heathcote','qmosciski@example.org','+62(2)7585825563','2020-02-06 19:08:09','2020-03-09 16:05:11'),(23,'Boris','Gleichner','ndouglas@example.net','(777)043-8720x3265','2019-09-02 19:55:45','2020-03-09 16:05:11'),(24,'Mina','Senger','lennie59@example.net','(055)861-7574','2019-03-15 04:55:21','2019-05-05 12:17:14'),(25,'Hazel','Kassulke','kobe67@example.com','(676)236-0215x371','2020-01-02 15:46:04','2020-03-09 16:05:11'),(26,'Cloyd','Berge','riley.bechtelar@example.com','1-519-681-9732x640','2020-02-28 17:29:43','2020-03-09 16:05:11'),(27,'Laney','Veum','gabernathy@example.net','(326)307-2313x690','2019-04-21 01:33:48','2019-09-12 01:43:11'),(28,'Cleta','Tremblay','esta.waelchi@example.net','+07(5)9810176153','2019-12-11 09:15:03','2020-03-09 16:05:11'),(29,'Name','Cremin','johnston.vickie@example.com','1-513-434-7357x615','2019-10-21 15:15:31','2020-03-09 16:05:11'),(30,'Arno','Franecki','oceane23@example.net','551-050-7032x39327','2019-12-20 04:55:05','2020-03-09 16:05:11'),(31,'Wilton','Farrell','cfeest@example.org','1-055-793-0380','2019-09-16 08:50:23','2020-02-27 11:04:45'),(32,'Madonna','Larkin','connelly.rosetta@example.org','+56(4)8647014339','2019-07-12 12:56:30','2019-09-08 08:07:34'),(33,'Ansel','Klocko','keanu.jenkins@example.org','08403066756','2019-03-24 15:02:25','2019-07-03 13:29:45'),(34,'Minerva','Von','conner67@example.com','187-303-0644x6077','2019-09-10 06:30:38','2019-09-26 17:09:28'),(35,'Morgan','Brown','bednar.vanessa@example.org','(056)045-3087x80782','2020-02-24 00:51:09','2020-03-09 16:05:11'),(36,'Cali','Hane','fabiola.becker@example.net','678-285-6503','2020-02-17 00:25:28','2020-03-09 16:05:11'),(37,'Brigitte','Windler','bshanahan@example.org','295.728.2858','2019-08-23 16:27:50','2019-11-11 18:30:11'),(38,'Alva','Russel','sveum@example.org','428.484.0921x572','2019-03-31 03:12:02','2019-06-02 12:07:03'),(39,'Gladyce','Emard','runte.jovani@example.net','(126)407-7289','2019-04-11 16:26:31','2019-06-23 14:06:44'),(40,'Maiya','Windler','mann.moses@example.net','(995)773-3455','2019-03-22 18:27:34','2019-05-07 16:46:32'),(41,'Alford','Gutkowski','umaggio@example.org','410-210-1514','2019-08-20 00:22:28','2020-02-12 06:45:32'),(42,'Bradley','Cormier','amparo.blick@example.net','695.993.4556','2019-06-11 08:05:20','2019-10-19 01:01:15'),(43,'Nathen','Hoppe','dannie30@example.net','207-894-9137','2019-11-04 05:01:35','2020-03-09 16:05:11'),(44,'Alan','Sipes','satterfield.rosella@example.com','1-718-818-4245x9223','2020-02-26 22:23:36','2020-03-09 16:05:11'),(45,'Annabel','Gleichner','omuller@example.com','152-397-4273x2761','2019-07-29 15:30:57','2019-10-05 04:03:38'),(46,'Verna','Keeling','asa.steuber@example.org','898.990.4910x76041','2019-12-21 09:11:59','2020-02-05 13:51:02'),(47,'Dawn','Bosco','mills.gracie@example.com','216.628.0260','2019-12-22 03:30:37','2020-03-09 16:05:11'),(48,'Hector','Keeling','ujohnson@example.com','1-689-455-8195x4383','2019-07-08 18:52:37','2019-10-11 12:58:16'),(49,'Jessika','Stiedemann','gaylord54@example.org','191.878.8635','2019-12-17 08:45:42','2020-03-09 16:05:11'),(50,'Virginia','Murphy','oreichert@example.org','1-941-620-2214x922','2020-02-07 05:59:32','2020-03-09 16:05:11'),(51,'Kole','Senger','prohaska.lysanne@example.org','233-102-3065','2019-11-29 05:03:39','2020-03-09 16:05:11'),(52,'Selina','D\'Amore','jerde.armand@example.org','1-118-601-7098','2019-06-04 08:46:32','2020-03-09 16:05:11'),(53,'Margot','Bauch','anabel49@example.org','1-615-211-0461x022','2019-03-21 04:24:50','2019-06-16 10:24:48'),(54,'Antonina','Lehner','dwaters@example.net','019.369.9876x730','2019-03-13 20:42:48','2019-07-13 20:08:05'),(55,'Melvin','Buckridge','madeline24@example.org','06078978705','2019-05-05 16:48:12','2019-09-26 22:53:05'),(56,'Shea','McKenzie','christa91@example.org','06612833474','2020-01-15 14:11:50','2020-03-09 16:05:11'),(57,'Clarabelle','Ledner','eemmerich@example.net','073-519-4958x2605','2020-02-03 03:12:12','2020-03-09 16:05:11'),(58,'Lilla','Hettinger','pkuhn@example.org','1-007-693-5881x805','2019-11-26 12:06:39','2020-03-09 16:05:11'),(59,'Myrtis','Conn','schneider.albin@example.net','(832)071-7931x43071','2020-01-11 21:25:36','2020-03-09 16:05:11'),(60,'Ike','Cartwright','june11@example.com','952-690-3634x1879','2019-06-13 12:59:30','2020-01-12 19:22:33'),(61,'Claude','Tremblay','lydia.quigley@example.org','1-729-931-9490x35257','2019-09-18 19:23:48','2020-03-09 16:05:11'),(62,'Vida','Stoltenberg','leopoldo64@example.com','682.614.3228','2019-10-07 13:11:20','2020-03-09 16:05:11'),(63,'Vida','Dooley','collier.jazmyne@example.org','333-758-3387','2019-03-04 21:00:01','2019-03-11 16:04:47'),(64,'Kaitlyn','Kunde','retha.gorczany@example.net','(331)217-8411','2019-06-11 15:32:32','2019-10-18 07:31:48'),(65,'Tatyana','Kris','selmer.feest@example.net','1-872-921-6117','2020-02-08 10:58:01','2020-03-09 16:05:11'),(66,'Michelle','Baumbach','aconnelly@example.com','613-407-0716','2019-10-26 09:53:05','2020-03-09 16:05:11'),(67,'Willie','Murazik','bailey.jayda@example.net','+54(1)7146779897','2019-03-28 02:49:07','2019-07-11 03:24:27'),(68,'Jimmy','Sporer','quinten.reynolds@example.com','471.018.9648x1125','2019-10-28 15:51:05','2020-03-09 16:05:11'),(69,'Rashad','Boyer','zakary.marquardt@example.net','1-410-983-3009','2020-01-29 12:25:11','2020-03-09 16:05:11'),(70,'Vada','Leannon','tobin90@example.net','+68(9)0058010246','2019-06-14 13:38:04','2019-07-26 18:24:39'),(71,'Yazmin','Keeling','rath.adan@example.net','01867470695','2020-02-18 12:08:16','2020-03-09 16:05:11'),(72,'Dorian','Cormier','rowe.xander@example.org','02926491897','2019-06-24 04:00:22','2019-08-11 04:54:24'),(73,'Randall','Fadel','trycia.connelly@example.com','1-707-273-7985','2019-05-03 01:16:28','2020-03-09 16:05:11'),(74,'Fiona','Kohler','upton.ashly@example.net','074.198.5814x44097','2019-07-12 15:08:24','2020-03-09 16:05:11'),(75,'Jazmyn','Hills','pweissnat@example.net','1-436-262-4337x544','2019-12-08 19:36:45','2020-03-09 16:05:11'),(76,'Donato','Shields','goyette.alysa@example.com','482-924-5322x823','2019-04-06 06:09:51','2020-02-03 20:37:28'),(77,'Anastasia','Homenick','sjohns@example.net','1-963-868-2262x2449','2019-12-18 09:40:38','2020-03-09 16:05:11'),(78,'Arianna','Price','holly71@example.com','1-207-367-2341x7848','2020-01-15 10:35:18','2020-03-09 16:05:11'),(79,'Geovanny','Bruen','spinka.anita@example.org','(261)714-7853x8457','2019-09-30 20:00:45','2019-12-23 13:01:39'),(80,'Isac','Bashirian','xupton@example.net','668-540-6251','2019-04-28 15:26:52','2020-01-20 14:57:09'),(81,'Assunta','Zieme','louie.gulgowski@example.org','1-366-514-3267x177','2019-05-23 15:45:32','2020-03-09 16:05:11'),(82,'Gisselle','Volkman','mac.sauer@example.org','02797613846','2020-01-05 01:08:42','2020-03-09 16:05:11'),(83,'Kendall','Effertz','berge.alessandra@example.net','1-523-053-5730x965','2019-10-03 14:07:46','2019-11-14 12:13:45'),(84,'Lula','Jerde','stan.hagenes@example.org','099-012-1912','2019-04-30 01:33:26','2019-05-22 08:13:22'),(85,'Carolina','Zemlak','koch.monroe@example.org','1-403-177-6966x046','2019-11-13 19:46:07','2020-03-09 16:05:11'),(86,'Jordon','Jacobson','hettie22@example.net','325.257.1229x61942','2019-09-12 16:08:47','2020-03-09 16:05:11'),(87,'Bridget','Kihn','elisa.schroeder@example.org','(251)810-9125x6565','2019-11-19 22:17:42','2020-03-09 16:05:11'),(88,'Amy','Runte','bashirian.katarina@example.org','660-151-0523','2019-11-06 04:13:23','2020-03-09 16:05:11'),(89,'Lazaro','McDermott','pcremin@example.com','1-321-146-9215x234','2019-09-06 01:47:08','2019-12-02 02:51:04'),(90,'Dewayne','Fisher','danielle37@example.org','(774)100-2811x363','2020-01-28 22:58:02','2020-03-09 16:05:11'),(91,'Gilbert','Langworth','palma15@example.org','021.240.1791','2019-05-08 01:38:37','2019-10-18 00:46:51'),(92,'April','McGlynn','pauline34@example.com','859-990-9675','2019-04-09 00:19:01','2019-08-02 08:52:44'),(93,'Shaniya','Spencer','ukuphal@example.org','1-120-234-8120','2020-01-21 01:05:59','2020-03-09 16:05:11'),(94,'Beth','Bruen','torphy.rozella@example.org','453-614-4374x204','2020-01-11 09:12:14','2020-03-09 16:05:11'),(95,'Meagan','Hansen','lenora74@example.com','739.087.3789x9410','2019-06-05 01:26:06','2020-03-09 16:05:11'),(96,'Theodora','Rosenbaum','o\'keefe.jarrett@example.com','832-801-1912x9895','2020-01-24 10:56:52','2020-03-09 16:05:11'),(97,'Concepcion','Kunze','jacobi.monserrat@example.org','1-757-356-9904x30134','2019-12-18 06:55:12','2019-12-26 09:45:54'),(98,'Sven','Dach','bernhard.reymundo@example.net','188-057-9176x88212','2019-10-15 07:53:11','2020-03-09 16:05:11'),(99,'Burley','Nicolas','io\'keefe@example.com','858-916-5658x62488','2019-04-01 05:43:16','2019-11-16 17:08:09'),(100,'Amalia','Glover','balistreri.sheridan@example.com','+38(0)6590598889','2019-04-14 17:57:12','2019-10-21 01:15:31');
/*!40000 ALTER TABLE `users` ENABLE KEYS */;
UNLOCK TABLES;

--
-- Dumping routines for database 'vk_hw_lesson4'
--
/*!40103 SET TIME_ZONE=@OLD_TIME_ZONE */;

/*!40101 SET SQL_MODE=@OLD_SQL_MODE */;
/*!40014 SET FOREIGN_KEY_CHECKS=@OLD_FOREIGN_KEY_CHECKS */;
/*!40014 SET UNIQUE_CHECKS=@OLD_UNIQUE_CHECKS */;
/*!40101 SET CHARACTER_SET_CLIENT=@OLD_CHARACTER_SET_CLIENT */;
/*!40101 SET CHARACTER_SET_RESULTS=@OLD_CHARACTER_SET_RESULTS */;
/*!40101 SET COLLATION_CONNECTION=@OLD_COLLATION_CONNECTION */;
/*!40111 SET SQL_NOTES=@OLD_SQL_NOTES */;

-- Dump completed on 2020-03-10  8:47:32
